series_id,year,raw_ring_width,fitted_growth,rwi,sunspot,rwi_smoothed,rwi_z,sunspot_smoothed,sunspot_z,sunspot_z_lagged,optimal_lag
10TANA,1942,220,321.1121795147255,0.6851188277332573,50.8,,,111.97272727272728,1.1467326844906274,1.1467326844906274,0
10TANA,1943,360,317.6963353958004,1.13315754666007,27.1,,,112.19090909090909,1.1559612159679753,1.1559612159679753,0
10TANA,1944,320,314.52802781877415,1.0173974072173266,16.1,,,112.92727272727274,1.187107509704027,1.187107509704027,0
10TANA,1945,300,311.5893185120389,0.9628057901105774,55.3,,,110.28181818181817,1.075211565541176,1.075211565541176,0
10TANA,1946,437,308.8635691396885,1.4148641784371785,154.3,,,108.94545454545455,1.0186868102424178,1.0186868102424178,0
10TANA,1947,220,306.3353470988624,0.7181672049389725,214.7,0.974262420229611,-0.19667090323610967,105.83636363636364,0.8871802366902027,0.8871802366902027,0
10TANA,1948,356,303.99033814368954,1.171089851650899,193.0,0.9959193656797841,0.012056468432296736,103.04545454545455,0.7691319382091205,0.7691319382091205,0
10TANA,1949,251,301.8152653411266,0.831634542130622,190.7,1.0169758235147397,0.21499640336673875,101.18181818181819,0.6903048985067695,0.6903048985067695,0
10TANA,1950,357,299.79781389983754,1.1908025457426241,118.9,1.0435353220368997,0.4709740679970505,104.64545454545454,0.8368078357096754,0.8368078357096754,0
10TANA,1951,259,297.9265614465113,0.8693417557081428,98.3,1.04741176083461,0.5083347790696757,117.86363636363636,1.3959030343790344,1.3959030343790344,0
10TANA,1952,214,296.1909133548565,0.7225069721960502,45.0,1.0366569221729518,0.4046807706255743,128.3181818181818,1.83810350100198,1.83810350100198,0
10TANA,1953,272,294.58104276112124,0.9233452276851623,20.1,1.0635018515759407,0.663409388186228,132.5909090909091,2.018828909100054,2.018828909100054,0
10TANA,1954,400,293.08783492651776,1.364778582844583,6.6,1.049500962839864,0.5284702891509239,135.5090909090909,2.1422605176095884,2.1422605176095884,0
10TANA,1955,382,291.70283563154464,1.3095518909610855,54.2,1.0447454271469543,0.48263693428839,132.62727272727273,2.0203669976796115,2.0203669976796115,0
10TANA,1956,292,290.4182033100264,1.005446616885392,200.7,1.0438873135019004,0.4743665248653727,128.76363636363638,1.8569450861015673,1.8569450861015673,0
10TANA,1957,375,289.226664651863,1.296560953158938,269.3,1.0684069449301874,0.7106841641224577,124.68181818181819,1.6842946430461734,1.6842946430461734,0
10TANA,1958,292,288.1214734231232,1.0134614283718486,261.7,1.028360949144131,0.3247250515828453,124.2181818181818,1.664684013656807,1.664684013656807,0
10TANA,1959,292,287.0963722703278,1.0170800755540548,225.1,1.0729215273485033,0.7541952365644833,123.75454545454545,1.645073384267442,1.645073384267442,0
10TANA,1960,223,286.1455572926694,0.7793236495086163,159.0,1.071852976327435,0.7438966537549018,125.15454545454546,1.704289794580428,1.704289794580428,0
10TANA,1961,337,285.26364518158255,1.1813632956470321,76.4,0.9979790332021872,0.03190732826158676,126.3,1.752739584836507,1.752739584836507,0
10TANA,1962,324,284.44564274161553,1.1390577014193,53.4,0.9605712143013636,-0.3286253118090474,120.13636363636364,1.4920335706014143,1.4920335706014143,0
10TANA,1963,80,283.6869186200391,0.282001018549429,39.9,0.9508953089163402,-0.42188067435196613,109.2909090909091,1.0332986517482194,1.0332986517482194,0
10TANA,1964,400,282.9831770851298,1.4135115879332574,15.0,0.986611733201912,-0.0776495184083459,99.08181818181819,0.6014802830372911,0.6014802830372911,0
10TANA,1965,382,282.3304337046669,1.3530245216128307,22.0,0.9455015537933517,-0.4738651212276636,92.07272727272726,0.3050137093274719,0.3050137093274719,0
10TANA,1966,140,281.72499278694,0.49693851658336086,66.8,0.9544000008151456,-0.3881028209502361,86.2,0.056612403728843845,0.056612403728843845,0
10TANA,1967,167,281.16342645654214,0.5939606089763323,132.9,0.9196888492459024,-0.7226452637569102,88.12727272727273,0.13813109844542143,0.13813109844542143,0
10TANA,1968,334,280.64255524648166,1.190125993923679,150.0,0.8699879482051398,-1.2016573417832233,88.19090909090909,0.140822753459648,0.140822753459648,0
10TANA,1969,394,280.1594300967284,1.4063420955131398,149.4,0.938782669300564,-0.5386210261612457,89.03636363636365,0.1765833129343737,0.1765833129343737,0
10TANA,1970,158,279.71131565727416,0.5648681020598927,148.0,0.936874414430639,-0.5570125867065344,89.71818181818183,0.20542247380108777,0.20542247380108777,0
10TANA,1971,245,279.2956748011731,0.8772065667483474,94.4,0.9199657830399924,-0.7199762048584817,89.39090909090909,0.1915796765850645,0.1915796765850645,0
10TANA,1972,223,278.9101542598783,0.7995406283853571,97.6,0.9849175299194421,-0.0939780721757973,86.89090909090909,0.08583608674044708,0.08583608674044708,0
10TANA,1973,165,278.55257129954464,0.5923477899709114,54.1,1.043443008411517,0.4700843589455291,86.71818181818182,0.07853016598754627,0.07853016598754627,0
10TANA,1974,289,278.2209013628623,1.0387429505990973,49.2,1.0028840570753965,0.07918143454685644,93.0909090909091,0.3480801895550984,0.3480801895550984,0
10TANA,1975,387,277.9132666064516,1.3925207843640812,22.5,1.0018637838497084,0.06934814807201702,99.4090909090909,0.6153230802533132,0.6153230802533132,0
10TANA,1976,324,277.62792526892025,1.1670295763157186,18.4,1.0659228179040174,0.6867424080582956,104.03636363636365,0.8110448520020783,0.8110448520020783,0
10TANA,1977,336,277.3632618093875,1.2114077322573076,39.3,1.035530002709895,0.39381963888624444,110.2181818181818,1.0725199105269494,1.0725199105269494,0
10TANA,1978,343,277.1177777606413,1.2377408723891545,131.0,1.0207876301433325,0.2517341963636744,109.61818181818181,1.0471414489642414,1.0471414489642414,0
10TANA,1979,206,276.89008324514145,0.7439775292263546,220.1,1.017996203493346,0.22483071871502214,110.19999999999999,1.0717508662371706,1.0717508662371706,0
10TANA,1980,386,276.6788891058338,1.3951190900305708,218.9,0.9647627765852395,-0.28822747358616757,107.60000000000001,0.9617775327987692,0.9617775327987692,0
10TANA,1981,351,276.48299960722204,1.2695174766572934,198.9,0.9008211038224148,-0.9044906177387987,106.9,0.9321693276422762,0.9321693276422762,0
10TANA,1982,150,276.3013056653724,0.5428855996129982,162.4,0.8758809433122251,-1.144861272236543,108.30909090909091,0.9917702601001515,0.9917702601001515,0
10TANA,1983,176,276.1327785685202,0.6373745301531704,91.0,0.8343993284462393,-1.5446567310864003,115.91818181818184,1.3136152953726785,1.3136152953726785,0
10TANA,1984,155,275.9764641527269,0.5616420968210613,60.5,0.8546014305184144,-1.3499509874992657,123.2,1.6216175334291818,1.6216175334291818,0
10TANA,1985,125,275.83147739961,0.4531752546099249,20.6,0.8602889575060663,-1.2951351981647543,120.62727272727271,1.5127977664254473,1.5127977664254473,0
10TANA,1986,190,275.6969974255609,0.6891623839730088,14.8,0.773106678524685,-2.135388870581885,119.20909090909093,1.4528123118226843,1.4528123118226843,0
10TANA,1987,246,275.57226283407954,0.8926878107036308,33.9,0.752877770342026,-2.3303529686539046,113.21818181818183,1.1994122183404916,1.1994122183404916,0
10TANA,1988,208,275.4565674049122,0.7551099687314652,123.0,0.8096431915646182,-1.7832537851286068,105.37272727272729,0.8675696073008377,0.8675696073008377,0
10TANA,1989,402,275.3492560955855,1.4599639951830798,211.1,0.8555324125855527,-1.3409782798572176,101.18181818181819,0.6903048985067695,0.6903048985067695,0
10TANA,1990,222,275.24972133269716,0.8065403260905261,191.8,0.8931173226433362,-0.9787388537662273,97.96363636363638,0.5541840592158807,0.5541840592158807,0
10TANA,1991,120,275.1573995719677,0.4361140212353762,203.3,1.0173369754228023,0.2184771476257284,97.14545454545454,0.5195770661758231,0.5195770661758231,0
10TANA,1992,288,275.07176810757414,1.0469994866480443,133.0,1.0870480892036463,0.8903455599569993,98.42727272727274,0.5737946886052457,0.5737946886052457,0
10TANA,1993,321,274.99234211270317,1.167305233061512,76.1,1.0886374740008005,0.9056638841427891,103.37272727272726,0.7829747354251425,0.7829747354251425,0
10TANA,1994,314,274.91867189456633,1.1421559613834513,44.9,1.148431622739367,1.4819536262056963,104.58181818181819,0.8341161806954495,0.8341161806954495,0
10TANA,1995,268,274.8503403483371,0.9750761074566792,25.1,1.1772789559207568,1.7599812016293659,101.2,0.6910739427965484,0.6910739427965484,0
10TANA,1996,500,274.7869605955936,1.8195914351840532,11.6,1.1337598224848733,1.3405483522343462,99.25454545454546,0.6087862037901919,0.6087862037901919,0
10TANA,1997,400,274.72817379389653,1.4559846355622903,28.9,1.2395054846708378,2.359713967449722,95.64545454545454,0.45613091226905267,0.45613091226905267,0
10TANA,1998,250,274.67364710510117,0.9101710434723284,88.3,1.220507792787461,2.1766162030994063,92.58181818181818,0.32654694944128515,0.32654694944128515,0
10TANA,1999,388,274.6230718108999,1.4128456048556957,136.3,1.2038339353971823,2.0159153121702618,91.6,0.2850185577932171,0.2850185577932171,0
10TANA,2000,488,274.57616156492566,1.7772846601783696,173.9,1.1496989631074879,1.4941681199188452,91.68181818181819,0.2884792570972233,0.2884792570972233,0
10TANA,2001,90,274.5326507715213,0.3278298582958067,170.4,1.1206990389420435,1.2146698885748717,91.64545454545454,0.28694116851766477,0.28694116851766477,0
10TANA,2002,439,274.49229308199386,1.599316305280986,163.6,1.0215587268522575,0.259165945671367,91.73636363636363,0.29078638996656003,0.29078638996656003,0
10TANA,2003,230,274.4548599998422,0.8380248759308989,99.3,0.9621081175426884,-0.31381279936086093,89.49090909090908,0.19580942017884895,0.19580942017884895,0
10TANA,2004,270,274.4201395870589,0.9838928017684482,65.3,0.9390254498529803,-0.5362811326284918,81.89999999999999,-0.1252665708038986,-0.1252665708038986,0
10TANA,2005,150,274.38793526418317,0.5466712661968124,45.8,0.9358813642461258,-0.5665835003621633,71.77272727272727,-0.5536242402108215,-0.5536242402108215,0
10TANA,2006,180,274.3580646973108,0.6560769416367892,24.7,0.8903339139888323,-1.0055650548143094,63.309090909090905,-0.9116143571029626,-0.9116143571029626,0
10TANA,2007,200,274.3303587657586,0.7290480021964074,12.6,0.9851826445384483,-0.09142292524876014,55.5,-1.2419188795630582,-1.2419188795630582,0
10TANA,2008,220,274.3046606045401,0.8020279331570304,4.2,0.8994676565918426,-0.9175350003724981,49.17272727272727,-1.5095462924061627,-1.5095462924061627,0
10TANA,2009,180,274.2808247162298,0.6562616988855401,4.8,0.9562395046143073,-0.37037387602324096,50.445454545454545,-1.4557131921216302,-1.4557131921216302,0
10TANA,2010,378,274.2587161471881,1.3782606631802958,24.9,,,,,,0
10TANA,2011,350,274.23820972348346,1.2762627073481398,80.8,,,,,,0
10TANA,2012,376,274.21918934218405,1.371165894341584,84.5,,,,,,0
10TANA,2013,180,274.2015473140087,0.656451437868323,94.0,,,,,,0
10TANA,2014,401,274.185183753613,1.4625152041780083,113.3,,,,,,0
11TANA,1952,456,548.6566483242863,0.8311208866104525,45.0,,,128.3181818181818,1.83810350100198,1.83810350100198,0
11TANA,1953,467,489.1976009561372,0.9546244689001909,20.1,,,132.5909090909091,2.018828909100054,2.018828909100054,0
11TANA,1954,600,442.87456029860925,1.3547854263641799,6.6,,,135.5090909090909,2.1422605176095884,2.1422605176095884,0
11TANA,1955,569,406.78545038615437,1.3987717590682218,54.2,,,132.62727272727273,2.0203669976796115,2.0203669976796115,0
11TANA,1956,280,378.6693371995821,0.7394314049051791,200.7,,,128.76363636363638,1.8569450861015673,1.8569450861015673,0
11TANA,1957,370,356.76478420180024,1.0370978762038168,269.3,1.0324773495902375,0.17244891887140004,124.68181818181819,1.6842946430461734,1.6842946430461734,0
11TANA,1958,200,339.69950071653585,0.588755648972505,261.7,0.9875514583531448,-0.1140457220291857,124.2181818181818,1.664684013656807,1.664684013656807,0
11TANA,1959,376,326.4043697699273,1.1519453623278118,225.1,1.0267471678793512,0.1359072653537941,123.75454545454545,1.645073384267442,1.645073384267442,0
11TANA,1960,341,316.0464693553166,1.0789552583693927,159.0,1.0007623460141473,-0.029799234932410174,125.15454545454546,1.704289794580428,1.704289794580428,0
11TANA,1961,378,307.97689099389703,1.2273648155227679,76.4,0.9206851912380988,-0.5404552301764853,126.3,1.752739584836507,1.752739584836507,0
11TANA,1962,300,301.6900864944798,0.9943979382480945,53.4,0.9227868191335894,-0.5270530446517135,120.13636363636364,1.4920335706014143,1.4920335706014143,0
11TANA,1963,100,296.79219604175717,0.3369360830024335,39.9,0.8713269354380451,-0.8552152801505268,109.2909090909091,1.0332986517482194,1.0332986517482194,0
11TANA,1964,406,292.9763734105469,1.3857772736884604,15.0,0.910514965401394,-0.6053112657215057,99.08181818181819,0.6014802830372911,0.6014802830372911,0
11TANA,1965,310,290.0035624639969,1.0689523858469345,22.0,0.8431178690380811,-1.0351058983632568,92.07272727272726,0.3050137093274719,0.3050137093274719,0
11TANA,1966,149,287.68752060931445,0.517923056531691,66.8,0.8243728855156985,-1.154643589771333,86.2,0.056612403728843845,0.056612403728843845,0
11TANA,1967,218,285.8831509507372,0.7625493117555756,132.9,0.7938977752658665,-1.348984882220146,88.12727272727273,0.13813109844542143,0.13813109844542143,0
11TANA,1968,134,284.47741216488083,0.4710391555528306,150.0,0.7708037640037587,-1.4962565396386849,88.19090909090909,0.140822753459648,0.140822753459648,0
11TANA,1969,289,283.38223661442333,1.0198239785693424,149.4,0.8133854643153562,-1.2247109207587832,89.03636363636365,0.1765833129343737,0.1765833129343737,0
11TANA,1970,116,282.52901302951017,0.4105773023313673,148.0,0.7846749985857151,-1.4077989874126702,89.71818181818183,0.20542247380108777,0.20542247380108777,0
11TANA,1971,246,281.8642881043163,0.872760439623188,94.4,0.7812640566378074,-1.4295507337128466,89.39090909090909,0.1915796765850645,0.1915796765850645,0
11TANA,1972,251,281.3464177195929,0.8921386027746121,97.6,0.8133883800457525,-1.2246923270011556,86.89090909090909,0.08583608674044708,0.08583608674044708,0
11TANA,1973,208,280.9429579948123,0.7403638143649104,54.1,0.8359722888383271,-1.0806736183791175,86.71818181818182,0.07853016598754627,0.07853016598754627,0
11TANA,1974,226,280.62863272284875,0.805334786430006,49.2,0.8776149029036457,-0.8151165991573167,93.0909090909091,0.3480801895550984,0.3480801895550984,0
11TANA,1975,300,280.38374984972256,1.0699621506624089,22.5,0.9285291091073792,-0.49043417613988205,99.4090909090909,0.6153230802533132,0.6153230802533132,0
11TANA,1976,289,280.19296779400077,1.0314320244199497,18.4,0.9887063383901794,-0.10668099464409388,104.03636363636365,0.8110448520020783,0.8110448520020783,0
11TANA,1977,244,280.0443343174298,0.8712906140190875,39.3,0.9483714046336494,-0.36389887155479317,110.2181818181818,1.0725199105269494,1.0725199105269494,0
11TANA,1978,283,279.9285377333433,1.0109723084738953,131.0,0.9508176536654583,-0.34829901991862,109.61818181818181,1.0471414489642414,1.0471414489642414,0
11TANA,1979,260,279.83832354206254,0.929107910271337,220.1,0.9465863817807846,-0.3752820509898318,110.19999999999999,1.0717508662371706,1.0717508662371706,0
11TANA,1980,442,279.76803994628426,1.5798802468104092,218.9,0.9221466131121681,-0.5311356702637807,107.60000000000001,0.9617775327987692,0.9617775327987692,0
11TANA,1981,300,279.7132837736091,1.0725268244421682,198.9,0.922427779176643,-0.5293426602987682,106.9,0.9321693276422762,0.9321693276422762,0
11TANA,1982,120,279.6706246237344,0.42907616830136025,162.4,0.938572888042004,-0.4263844987728934,108.30909090909091,0.9917702601001515,0.9917702601001515,0
11TANA,1983,257,279.6373899585063,0.9190473421245088,91.0,0.9549715427376952,-0.32180946288766654,115.91818181818184,1.3136152953726785,1.3136152953726785,0
11TANA,1984,194,279.6114976710119,0.693819823633499,60.5,1.0178611955529921,0.07924097826206772,123.2,1.6216175334291818,1.6216175334291818,0
11TANA,1985,150,279.5913256443917,0.536497331075224,20.6,1.0599030988158542,0.34734428453829713,120.62727272727271,1.5127977664254473,1.5127977664254473,0
11TANA,1986,300,279.57561012840836,1.073054977371634,14.8,0.9927029444564379,-0.08119443915805667,119.20909090909093,1.4528123118226843,1.4528123118226843,0
11TANA,1987,338,279.5633665671998,1.2090282219389197,33.9,0.9787815902353877,-0.169971606813145,113.21818181818183,1.1994122183404916,1.1994122183404916,0
11TANA,1988,294,279.5538279181841,1.0516758156716917,123.0,1.0438455177624346,0.2449442922186522,105.37272727272729,0.8675696073008377,0.8675696073008377,0
11TANA,1989,476,279.54639659787654,1.7027584894421628,211.1,1.0617656142383223,0.3592216379404981,101.18181818181819,0.6903048985067695,0.6903048985067695,0
11TANA,1990,389,279.54060704409153,1.3915688461628175,191.8,1.101787671995002,0.6144442890525489,97.96363636363638,0.5541840592158807,0.5541840592158807,0
11TANA,1991,235,279.5360965490997,0.8406785488568306,203.3,1.1961152139888995,1.215975711722784,97.14545454545454,0.5195770661758231,0.5195770661758231,0
11TANA,1992,257,279.5325825364785,0.9193919280106173,133.0,1.2254038791226192,1.402750984708677,98.42727272727274,0.5737946886052457,0.5737946886052457,0
11TANA,1993,320,279.52984485808093,1.144779371098875,76.1,1.2033041662364663,1.2618200174428142,103.37272727272726,0.7829747354251425,0.7829747354251425,0
11TANA,1994,312,279.5277120020509,1.1161684033592736,44.9,1.2748655623604952,1.7181705965932834,104.58181818181819,0.8341161806954495,0.8341161806954495,0
11TANA,1995,317,279.5260503478373,1.1340624589569765,25.1,1.3038246748138487,1.9028442957601714,101.2,0.6910739427965484,0.6910739427965484,0
11TANA,1996,440,279.5247557950468,1.5741002930080972,11.6,1.219598461722249,1.3657295494605806,99.25454545454546,0.6087862037901919,0.6087862037901919,0
11TANA,1997,390,279.5237472416944,1.39523029384255,28.9,1.3041627104069695,1.9049999655353502,95.64545454545454,0.45613091226905267,0.45613091226905267,0
11TANA,1998,270,279.52296150327425,0.965931380191238,88.3,1.3155492881599244,1.9776127376939139,92.58181818181818,0.32654694944128515,0.32654694944128515,0
11TANA,1999,514,279.52234935433484,1.83885117303601,136.3,1.3090480134431801,1.9361537857603817,91.6,0.2850185577932171,0.2850185577932171,0
11TANA,2000,565,279.52187244457144,2.0213087264290497,173.9,1.2596152919149015,1.6209188641370589,91.68181818181819,0.2884792570972233,0.2884792570972233,0
11TANA,2001,130,279.5215008962313,0.46508050215521984,170.4,1.2215651462055552,1.3782711941401713,91.64545454545454,0.28694116851766477,0.28694116851766477,0
11TANA,2002,495,279.5212114323124,1.7708852843887557,163.6,1.1467639034101245,0.9012599517699623,91.73636363636363,0.29078638996656003,0.29078638996656003,0
11TANA,2003,292,279.5209859182909,1.0446442832931226,99.3,1.0914759092378932,0.5486856655327833,89.49090909090908,0.19580942017884895,0.19580942017884895,0
11TANA,2004,300,279.5208102260178,1.0732653492146897,65.3,1.0654581288020617,0.38276898680389193,81.89999999999999,-0.1252665708038986,-0.1252665708038986,0
11TANA,2005,160,279.5206733486094,0.5724084665482078,45.8,0.9958595854538461,-0.06106438265607566,71.77272727272727,-0.5536242402108215,-0.5536242402108215,0
11TANA,2006,200,279.52056671088087,0.7155108561541659,24.7,0.8953637716309063,-0.7019311812972076,63.309090909090905,-0.9116143571029626,-0.9116143571029626,0
11TANA,2007,210,279.52048363212236,0.7512866222583585,12.6,0.9600852339611081,-0.28919919984365716,55.5,-1.2419188795630582,-1.2419188795630582,0
11TANA,2008,220,279.5204189075619,0.7870623579480057,4.2,0.8641421763866872,-0.9010328456499621,49.17272727272727,-1.5095462924061627,-1.5095462924061627,0
11TANA,2009,190,279.5203684822931,0.6797357953970928,4.8,0.8667442899213976,-0.884439038333483,50.445454545454545,-1.4557131921216302,-1.4557131921216302,0
11TANA,2010,300,279.520329197241,1.0732671962056388,24.9,,,,,,0
11TANA,2011,256,279.52029859124997,0.9158547743767106,80.8,,,,,,0
11TANA,2012,329,279.5202747468961,1.1770165877874421,84.5,,,,,,0
11TANA,2013,200,279.52025617036287,0.7155116510701227,94.0,,,,,,0
11TANA,2014,300,279.5202416978554,1.0732675321749399,113.3,,,,,,0
12TANA,1912,288,232.92927475418884,1.2364268093992372,6.0,,,60.85454545454545,-1.0154353362231323,-1.0154353362231323,0
12TANA,1913,139,222.4752167779442,0.6247886933794425,2.4,,,63.74545454545455,-0.8931572941482654,-0.8931572941482654,0
12TANA,1914,163,215.04495598158246,0.7579810428753332,16.1,,,66.0,-0.797795802215665,-0.797795802215665,0
12TANA,1915,158,209.7638703373853,0.7532279021447877,79.0,,,65.04545454545455,-0.8381706274290645,-0.8381706274290645,0
12TANA,1916,454,206.01031896877092,2.2037731035639134,95.0,,,66.19090909090909,-0.7897208371729854,-0.7897208371729854,0
12TANA,1917,187,203.34246829827325,0.9196308157610181,173.6,1.0535894298822266,0.35343775890405205,67.48181818181818,-0.7351186925986736,-0.7351186925986736,0
12TANA,1918,138,201.4462834586071,0.6850461454572134,134.6,0.9963860036084586,-0.00026063150549525264,67.81818181818181,-0.7208913732377618,-0.7208913732377618,0
12TANA,1919,119,200.09856299361232,0.5947069195284466,105.7,1.0643991793389191,0.42027625499805166,70.13636363636364,-0.6228382262909342,-0.6228382262909342,0
12TANA,1920,249,199.1406656337296,1.2503724400418266,62.7,1.055417546147796,0.3647413087564479,75.39999999999999,-0.40019990439990394,-0.40019990439990394,0
12TANA,1921,198,198.4598365034294,0.9976829744923152,43.5,1.059359476642612,0.38911492694585553,77.89999999999999,-0.2944563145552865,-0.2944563145552865,0
12TANA,1922,310,197.97593465331664,1.5658468820609588,23.7,0.9014709270889241,-0.587136488030078,79.69090909090909,-0.21870545201205124,-0.21870545201205124,0
12TANA,1923,120,197.63199960394633,0.6071891203877888,9.7,0.9148057416769142,-0.504685090213288,75.7,-0.38751067361854935,-0.38751067361854935,0
12TANA,1924,271,197.38754648156666,1.3729336264145102,27.9,0.9453328602397196,-0.3159307899405943,73.3,-0.48902451986938233,-0.48902451986938233,0
12TANA,1925,130,197.2138005107778,0.6591830777729749,74.0,0.9637689274426919,-0.2019374905888066,69.0909090909091,-0.6670582729532288,-0.6670582729532288,0
12TANA,1926,157,197.0903099123698,0.7965891375877651,106.5,0.8944351637586059,-0.6306397941664317,66.58181818181818,-0.7731863849427361,-0.7731863849427361,0
12TANA,1927,92,197.00253850779606,0.4669990584733468,114.7,0.9141249467685221,-0.5088945594528558,64.31818181818181,-0.8689323990202261,-0.8689323990202261,0
12TANA,1928,210,196.94015465380102,1.0663137762289094,129.7,0.8576890051142269,-0.8578474635820459,63.0,-0.924688110029206,-0.924688110029206,0
12TANA,1929,201,196.89581509630872,1.0208444496480729,108.2,0.8740877322782322,-0.7564513798070108,63.445454545454545,-0.9058465249296196,-0.9058465249296196,0
12TANA,1930,157,196.86430059002691,0.7975036587611435,59.4,0.8412005116655604,-0.9597985873689452,66.38181818181819,-0.781645872130305,-0.781645872130305,0
12TANA,1931,96,196.84190153684827,0.48770103951687876,35.1,0.8736635461669274,-0.7590741937637229,71.72727272727273,-0.5555468509352686,-0.5555468509352686,0
12TANA,1932,239,196.82598132604716,1.2142705876013926,18.6,0.8733106489571406,-0.7612562164713182,79.37272727272727,-0.23216372708318414,-0.23216372708318414,0
12TANA,1933,186,196.81466597669151,0.945051523863713,9.2,0.9638993559246164,-0.2011310293831533,85.54545454545455,0.028926809296798493,0.028926809296798493,0
12TANA,1934,155,196.8066235498267,0.7875751191918484,14.6,0.9949243454350752,-0.009298309437240799,87.2090909090909,0.09929436181157998,0.09929436181157998,0
12TANA,1935,199,196.80090736486034,1.0111741996751196,60.2,0.993126680389826,-0.020413574280943748,87.64545454545454,0.1177514247662769,0.1177514247662769,0
12TANA,1936,200,196.7968445650216,1.0162764572880136,132.8,1.0019318408020004,0.03403021113461828,89.44545454545455,0.19388680945440193,0.19388680945440193,0
12TANA,1937,156,196.7939569148446,0.7927072682801093,190.6,1.0282759141562148,0.19692004045397868,90.87272727272727,0.254256786202056,0.254256786202056,0
12TANA,1938,288,196.79190450668384,1.4634748351155795,182.6,1.0865049521123227,0.5569599601190073,91.64545454545454,0.28694116851766477,0.28694116851766477,0
12TANA,1939,277,196.7904457499092,1.4075886608439567,148.0,1.1276317593389351,0.8112539153292951,92.27272727272727,0.3134731965150414,0.3134731965150414,0
12TANA,1940,197,196.78940893307706,1.001070134150332,113.0,1.2043251697148756,1.2854621502550494,95.97272727272728,0.46997370948507594,0.46997370948507594,0
12TANA,1941,176,196.78867201163675,0.8943604232950592,79.2,1.2579196926298968,1.6168460851803508,104.52727272727272,0.8318090478261114,0.8318090478261114,0
12TANA,1942,153,196.78814824196758,0.7774858464132385,50.8,1.2269724990699709,1.4254943906602964,111.97272727272728,1.1467326844906274,1.1467326844906274,0
12TANA,1943,365,196.78777597071672,1.8547900051185817,27.1,1.2828730304771243,1.7711367633238273,112.19090909090909,1.1559612159679753,1.1559612159679753,0
12TANA,1944,275,196.78751137753318,1.3974464033564489,16.1,1.1909449268835377,1.202729861981203,112.92727272727274,1.187107509704027,1.187107509704027,0
12TANA,1945,321,196.78732331693863,1.631202633327193,55.3,1.1567616391441617,0.9913688537356511,110.28181818181817,1.075211565541176,1.075211565541176,0
12TANA,1946,315,196.78718965216785,1.6007139517403535,154.3,1.1493713155860288,0.9456732421719767,108.94545454545455,1.0186868102424178,1.0186868102424178,0
12TANA,1947,133,196.78709464943222,0.6758573281288278,214.7,1.137360899572168,0.8714108231357299,105.83636363636364,0.8871802366902027,0.8871802366902027,0
12TANA,1948,277,196.78702712588262,1.4076131137587946,193.0,1.151682334506299,0.9599626602287482,103.04545454545455,0.7691319382091205,0.7691319382091205,0
12TANA,1949,89,196.78697913326727,0.4522656955861281,190.7,1.1114919510518109,0.7114587704483958,101.18181818181819,0.6903048985067695,0.6903048985067695,0
12TANA,1950,203,196.78694502233645,1.0315724957108223,118.9,1.078230719419569,0.5057989899474868,104.64545454545454,0.8368078357096754,0.8368078357096754,0
12TANA,1951,181,196.78692077786485,0.9197765750108703,98.3,1.0537467950399217,0.35441077409927724,117.86363636363636,1.3959030343790344,1.3959030343790344,0
12TANA,1952,150,196.786903546016,0.7622458471425895,45.0,1.0107840769256526,0.0887650735793328,128.3181818181818,1.83810350100198,1.83810350100198,0
12TANA,1953,184,196.78689129841496,0.9350216306886802,20.1,1.0491274312428631,0.3258484720456148,132.5909090909091,2.018828909100054,2.018828909100054,0
12TANA,1954,278,196.78688259338676,1.4126957871192096,6.6,1.034806551233049,0.23730006614283258,135.5090909090909,2.1422605176095884,2.1422605176095884,0
12TANA,1955,203,196.7868764062554,1.0315728554017898,54.2,1.06252461167725,0.40868548836332264,132.62727272727273,2.0203669976796115,2.0203669976796115,0
12TANA,1956,268,196.78687200872866,1.3618794651510728,200.7,1.0754597343844734,0.488665524163957,128.76363636363638,1.8569450861015673,1.8569450861015673,0
12TANA,1957,222,196.7868688831701,1.1281240524833933,269.3,1.0911666464978058,0.5857839993091689,124.68181818181819,1.6842946430461734,1.6842946430461734,0
12TANA,1958,216,196.78686666166763,1.0976342256181415,261.7,1.0962483011083688,0.6172047230918911,124.2181818181818,1.664684013656807,1.664684013656807,0
12TANA,1959,246,196.78686508272648,1.2500834336508435,225.1,1.1151889721954673,0.7343180729937224,123.75454545454545,1.645073384267442,1.645073384267442,0
12TANA,1960,149,196.78686396048812,0.7571643604723381,159.0,1.0514375014214474,0.3401320238732271,125.15454545454546,1.704289794580428,1.704289794580428,0
12TANA,1961,231,196.78686316285302,1.173858845490278,76.4,0.9978493041733233,0.008787201608573882,126.3,1.752739584836507,1.752739584836507,0
12TANA,1962,215,196.7868625959309,1.0925526082575276,53.4,0.9239345461894445,-0.44824015897800573,120.13636363636364,1.4920335706014143,1.4920335706014143,0
12TANA,1963,161,196.78686219298888,0.8181440478587808,39.9,0.8758899530754696,-0.7453079459837508,109.2909090909091,1.0332986517482194,1.0332986517482194,0
12TANA,1964,225,196.78686190659633,1.1433690126467633,15.0,0.8911348759920028,-0.6510460276208624,99.08181818181819,0.6014802830372911,0.6014802830372911,0
12TANA,1965,140,196.78686170304175,0.7114296086049936,22.0,0.8098286370276213,-1.153776156307986,92.07272727272726,0.3050137093274719,0.3050137093274719,0
12TANA,1966,87,196.7868615583646,0.44210268567242156,66.8,0.768251582829246,-1.4108540641514107,86.2,0.056612403728843845,0.056612403728843845,0
12TANA,1967,108,196.78686145553473,0.548817127328408,132.9,0.7137394449002454,-1.7479117667966182,88.12727272727273,0.13813109844542143,0.13813109844542143,0
12TANA,1968,118,196.78686138244805,0.5996335282296684,150.0,0.6550696011015127,-2.1106772630079425,88.19090909090909,0.140822753459648,0.140822753459648,0
12TANA,1969,249,196.7868613305014,1.265328377700009,149.4,0.6439823867605537,-2.1792313710740383,89.03636363636365,0.1765833129343737,0.1765833129343737,0
12TANA,1970,70,196.78686129358013,0.35571480504264563,148.0,0.7234407591890657,-1.687926911477097,89.71818181818183,0.20542247380108777,0.20542247380108777,0
12TANA,1971,59,196.7868612673382,0.29981676429021104,94.4,0.7700994545752422,-1.3994283628461401,89.39090909090909,0.1915796765850645,0.1915796765850645,0
12TANA,1972,113,196.78686124868665,0.5742253282712703,97.6,0.838008644728188,-0.9795344366299147,86.89090909090909,0.08583608674044708,0.08583608674044708,0
12TANA,1973,88,196.78686123543,0.447184326471468,54.1,0.8320030701575749,-1.0166679126728428,86.71818181818182,0.07853016598754627,0.07853016598754627,0
12TANA,1974,137,196.78686122600777,0.6961846901082326,49.2,0.8047470007168829,-1.1851967669398202,93.0909090909091,0.3480801895550984,0.3480801895550984,0
12TANA,1975,397,196.78686121931088,2.0174111093603946,22.5,0.7460771562955212,-1.5479622670009636,99.4090909090909,0.6153230802533132,0.6153230802533132,0
12TANA,1976,241,196.78686121455107,1.2246752578529347,18.4,0.7543925673407963,-1.496546684161019,104.03636363636365,0.8110448520020783,0.8110448520020783,0
12TANA,1977,234,196.786861211168,1.1891037773548272,39.3,0.779800767721227,-1.3394435145929626,110.2181818181818,1.0725199105269494,1.0725199105269494,0
12TANA,1978,95,196.78686120876347,0.482755807051662,131.0,0.8116765100176782,-1.1423504473104795,109.61818181818181,1.0471414489642414,1.0471414489642414,0
12TANA,1979,59,196.78686120705444,0.299816764382057,220.1,0.8495578269422134,-0.908123903629716,110.19999999999999,1.0717508662371706,1.0717508662371706,0
12TANA,1980,122,196.78686120583973,0.6199600890650295,218.9,0.8421663504776796,-0.9538266438072658,107.60000000000001,0.9617775327987692,0.9617775327987692,0
12TANA,1981,88,196.7868612049764,0.4471843265406717,198.9,0.7562404365078447,-1.4851209988018161,106.9,0.9321693276422762,0.9321693276422762,0
12TANA,1982,114,196.78686120436276,0.5793069684749493,162.4,0.7340660070988588,-1.6222292194295906,108.30909090909091,0.9917702601001515,0.9917702601001515,0
12TANA,1983,182,196.7868612039266,0.924858493532232,91.0,0.7063479703339974,-1.7936144952367485,115.91818181818184,1.3136152953726785,1.3136152953726785,0
12TANA,1984,170,196.78686120361664,0.8638788126413577,60.5,0.8472479905793748,-0.9224060097353093,123.2,1.6216175334291818,1.6216175334291818,0
12TANA,1985,121,196.7868612033963,0.6148784489983606,20.6,0.9179289843417469,-0.4853735563530109,120.62727272727271,1.5127977664254473,1.5127977664254473,0
12TANA,1986,211,196.7868612032397,1.0722260556922094,14.8,0.8846673402193751,-0.6910358873496598,119.20909090909093,1.4528123118226843,1.4528123118226843,0
12TANA,1987,193,196.7868612031284,0.9807565343540923,33.9,0.9133093115481228,-0.5139377689843251,113.21818181818183,1.1994122183404916,1.1994122183404916,0
12TANA,1988,174,196.78686120304928,0.8842053729413506,123.0,0.9710552214846497,-0.15688511099256966,105.37272727272729,0.8675696073008377,0.8675696073008377,0
12TANA,1989,400,196.78686120299307,2.0326560297508123,211.1,1.0371165424520363,0.251583129749997,101.18181818181819,0.6903048985067695,0.6903048985067695,0
12TANA,1990,212,196.7868612029531,1.077307695768149,191.8,1.0532853972344518,0.3515578739888506,97.96363636363638,0.5541840592158807,0.5541840592158807,0
12TANA,1991,50,196.7868612029247,0.25408200371893974,203.3,1.0819273685629271,0.5286559923525014,97.14545454545454,0.5195770661758231,0.5195770661758231,0
12TANA,1992,150,196.7868612029045,0.7622460111568976,133.0,1.1211945873196887,0.7714517997864203,98.42727272727274,0.5737946886052457,0.5737946886052457,0
12TANA,1993,239,196.78686120289018,1.2145119777767452,76.1,1.1466027876917122,0.9285549693024937,103.37272727272726,0.7829747354251425,0.7829747354251425,0
12TANA,1994,325,196.78686120287998,1.651533024173484,44.9,1.2533172292537798,1.588388281267336,104.58181818181819,0.8341161806954495,0.8341161806954495,0
12TANA,1995,205,196.78686120287273,1.0417362152479281,25.1,1.2168218141742644,1.3627310014188323,101.2,0.6910739427965484,0.6910739427965484,0
12TANA,1996,183,196.78686120286756,0.9299401336115897,11.6,1.1466027876919629,0.9285549693040438,99.25454545454546,0.6087862037901919,0.6087862037901919,0
12TANA,1997,296,196.78686120286392,1.504165462016588,28.9,1.2389962435897992,1.4998392220871004,95.64545454545454,0.45613091226905267,0.45613091226905267,0
12TANA,1998,248,196.7868612028613,1.2602467384463474,88.3,1.2620946075642734,1.642660285282958,92.58181818181818,0.32654694944128515,0.32654694944128515,0
12TANA,1999,405,196.78686120285946,2.058064230124095,136.3,1.3175306811029899,1.985430836952883,91.6,0.2850185577932171,0.2850185577932171,0
12TANA,2000,321,196.78686120285815,1.631206463876145,173.9,1.2366864071924084,1.4855571157678649,91.68181818181819,0.2884792570972233,0.2884792570972233,0
12TANA,2001,60,196.7868612028572,0.3048984044628323,170.4,1.2158978796154052,1.3570181588917385,91.64545454545454,0.28694116851766477,0.28694116851766477,0
12TANA,2002,250,196.78686120285653,1.270410018595139,163.6,1.2052726321871603,1.291320469821726,91.73636363636363,0.29078638996656003,0.29078638996656003,0
12TANA,2003,200,196.78686120285607,1.0163280148761136,99.3,1.1516844277664255,0.9599756032076169,89.49090909090908,0.19580942017884895,0.19580942017884895,0
12TANA,2004,359,196.78686120285573,1.824308786702627,65.3,1.1216565545996349,0.7743082210531613,81.89999999999999,-0.1252665708038986,-0.1252665708038986,0
12TANA,2005,150,196.7868612028555,0.7622460111570873,45.8,1.0435840843659736,0.29157302745154284,71.77272727272727,-0.5536242402108215,-0.5536242402108215,0
12TANA,2006,160,196.78686120285533,0.8130624119008939,24.7,0.9941535854606375,-0.014064047787353498,63.309090909090905,-0.9116143571029626,-0.9116143571029626,0
12TANA,2007,160,196.7868612028552,0.8130624119008945,12.6,1.0883949104764232,0.5686458900513193,55.5,-1.2419188795630582,-1.2419188795630582,0
12TANA,2008,180,196.7868612028551,0.9146952133885067,4.2,1.0375785097326182,0.2544395510206688,49.17272727272727,-1.5095462924061627,-1.5095462924061627,0
12TANA,2009,183,196.78686120285505,0.9299401336116487,4.8,1.0671444156199241,0.43725051191123626,50.445454545454545,-1.4557131921216302,-1.4557131921216302,0
12TANA,2010,236,196.78686120285502,1.1992670575538205,24.9,,,,,,0
12TANA,2011,214,196.786861202855,1.0874709759174475,80.8,,,,,,0
12TANA,2012,264,196.78686120285496,1.3415529796364773,84.5,,,,,,0
12TANA,2013,140,196.78686120285494,0.7114296104132836,94.0,,,,,,0
12TANA,2014,264,196.78686120285494,1.3415529796364776,113.3,,,,,,0
13TANA,1911,250,299.37347403663625,0.8350773254193051,9.5,,,53.26363636363636,-1.33651132720588,-1.33651132720588,0
13TANA,1912,300,297.03952835605054,1.009966591518422,6.0,,,60.85454545454545,-1.0154353362231323,-1.0154353362231323,0
13TANA,1913,120,294.72377835047416,0.4071609039203502,2.4,,,63.74545454545455,-0.8931572941482654,-0.8931572941482654,0
13TANA,1914,280,292.42608216459666,0.9575069293661622,16.1,,,66.0,-0.797795802215665,-0.797795802215665,0
13TANA,1915,280,290.1462990490259,0.9650304033438266,79.0,,,65.04545454545455,-0.8381706274290645,-0.8381706274290645,0
13TANA,1916,600,287.8842893516661,2.0841706970228855,95.0,0.9414955256756122,-0.34500103623312983,66.19090909090909,-0.7897208371729854,-0.7897208371729854,0
13TANA,1917,180,285.63991450916325,0.6301640312044893,173.6,1.0145142394301294,0.07026616189351179,67.48181818181818,-0.7351186925986736,-0.7351186925986736,0
13TANA,1918,297,283.41303703841714,1.0479405009154223,134.6,0.9693984493728109,-0.18631337457104857,67.81818181818181,-0.7208913732377618,-0.7208913732377618,0
13TANA,1919,160,281.20352052815974,0.5689829192020289,105.7,1.0668589307067577,0.36795742712625196,70.13636363636364,-0.6228382262909342,-0.6228382262909342,0
13TANA,1920,350,279.01122963059873,1.2544297964758908,62.7,1.0814616421667311,0.4510050016620305,75.39999999999999,-0.40019990439990394,-0.40019990439990394,0
13TANA,1921,165,276.83603005312716,0.5960206840429517,43.5,1.145695377656692,0.8163108525949873,77.89999999999999,-0.2944563145552865,-0.2944563145552865,0
13TANA,1922,450,274.67778855009624,1.6382831767189947,23.7,1.0009680440748978,-0.0067728641478796295,79.69090909090909,-0.21870545201205124,-0.21870545201205124,0
13TANA,1923,140,272.5363729146541,0.5136929008879177,9.7,1.1060198466947098,0.590670797743296,75.7,-0.38751067361854935,-0.38751067361854935,0
13TANA,1924,400,270.4116519706465,1.4792261985937665,27.9,1.1467487577306898,0.8223015660627994,73.3,-0.48902451986938233,-0.48902451986938233,0
13TANA,1925,300,268.30349556458185,1.1181367554258668,74.0,1.225393156296959,1.2695627866694024,69.0909090909091,-0.6670582729532288,-0.6670582729532288,0
13TANA,1926,445,266.21177455765803,1.671601493733399,106.5,1.1589401939801554,0.8916358957453996,66.58181818181818,-0.7731863849427361,-0.7731863849427361,0
13TANA,1927,130,264.1363608178523,0.49217002762314743,114.7,1.1562956118963388,0.8765958034773474,64.31818181818181,-0.8689323990202261,-0.8689323990202261,0
13TANA,1928,468,262.0771272120716,1.7857338600224222,129.7,1.0611084691727113,0.33525378272617823,63.0,-0.924688110029206,-0.924688110029206,0
13TANA,1929,389,260.0339475983658,1.4959585223112026,108.2,1.0511283805858413,0.27849568317298296,63.445454545454545,-0.9058465249296196,-0.9058465249296196,0
13TANA,1930,370,258.00669681819966,1.4340713034309907,59.4,0.965386292049293,-0.20913105026692444,66.38181818181819,-0.781645872130305,-0.781645872130305,0
13TANA,1931,134,255.9952506887866,0.52344721099105,35.1,0.9261479675808485,-0.4322846532730714,71.72727272727273,-0.5555468509352686,-0.5555468509352686,0
13TANA,1932,144,253.99948599548148,0.5669302811209692,18.6,0.8099148573958602,-1.0933179078211808,79.37272727272727,-0.23216372708318414,-0.23216372708318414,0
13TANA,1933,149,252.019280484233,0.5912246067590922,9.2,0.811311747375484,-1.0853736075438614,85.54545454545455,0.028926809296798493,0.028926809296798493,0
13TANA,1934,101,250.05451285409467,0.4039119264323492,14.6,0.6916937977654949,-1.7656568969372053,87.2090909090909,0.09929436181157998,0.09929436181157998,0
13TANA,1935,133,248.10506274979429,0.5360632246917351,60.2,0.6185686577459424,-2.1815293554774566,87.64545454545454,0.1177514247662769,0.1177514247662769,0
13TANA,1936,169,246.17081075436158,0.6865151862729757,132.8,0.5991834542686939,-2.291775602216003,89.44545454545455,0.19388680945440193,0.19388680945440193,0
13TANA,1937,96,244.25163838181294,0.39303728169852964,190.6,0.656874485956463,-1.9636789834977213,90.87272727272727,0.254256786202056,0.254256786202056,0
13TANA,1938,123,242.3474280698933,0.5075358173990056,182.6,0.7079289059479739,-1.6733256637565348,91.64545454545454,0.28694116851766477,0.28694116851766477,0
13TANA,1939,113,240.45806317287483,0.46993641431254407,148.0,0.7851016844753551,-1.2344337432763428,92.27272727272727,0.3134731965150414,0.3134731965150414,0
13TANA,1940,165,238.58342795441155,0.6915819820961251,113.0,0.8276311625505106,-0.9925629092127163,95.97272727272728,0.46997370948507594,0.46997370948507594,0
13TANA,1941,289,236.72340758044953,1.220834065181258,79.2,0.8947117153421431,-0.6110668272601057,104.52727272727272,0.8318090478261114,0.8318090478261114,0
13TANA,1942,272,234.87788811219278,1.1580485595565102,50.8,0.9240701131659719,-0.4441016894356334,111.97272727272728,1.1467326844906274,1.1467326844906274,0
13TANA,1943,263,233.04675649912352,1.128528901027589,27.1,1.001517918277571,-0.003645655960757532,112.19090909090909,1.1559612159679753,1.1559612159679753,0
13TANA,1944,333,231.22990057207724,1.4401251705602829,16.1,1.0616779945337476,0.3384927496810702,112.92727272727274,1.187107509704027,1.187107509704027,0
13TANA,1945,200,229.4272090363715,0.8717361852590625,55.3,1.1458701894639312,0.8173050307399994,110.28181818181817,1.075211565541176,1.075211565541176,0
13TANA,1946,290,227.6385714649883,1.273949305399692,154.3,1.1859922870078956,1.0454847695129958,108.94545454545455,1.0186868102424178,1.0186868102424178,0
13TANA,1947,228,225.8638782918099,1.0094575623350905,214.7,1.1783912548460262,1.0022566822675572,105.83636363636364,0.8871802366902027,0.8871802366902027,0
13TANA,1948,279,224.1030208049069,1.2449631379261226,193.0,1.2148547022825307,1.2096291881966763,103.04545454545455,0.7691319382091205,0.7691319382091205,0
13TANA,1949,260,222.35589113987908,1.1692966562169467,190.7,1.2606425622055981,1.470030875939239,101.18181818181819,0.6903048985067695,0.6903048985067695,0
13TANA,1950,308,220.62238227324795,1.3960505585445635,118.9,1.1982824506716578,1.115380575214622,104.64545454545454,0.8368078357096754,0.8368078357096754,0
13TANA,1951,248,218.9023880159007,1.1329250550797358,98.3,1.1807909929913358,1.0159043142868036,117.86363636363636,1.3959030343790344,1.3959030343790344,0
13TANA,1952,247,217.19580300658563,1.1372227114006925,45.0,1.1999087904248062,1.1246297870641,128.3181818181818,1.83810350100198,1.83810350100198,0
13TANA,1953,336,215.5025227054579,1.5591464813580596,20.1,1.194560373386505,1.0942126235219554,132.5909090909091,2.018828909100054,2.018828909100054,0
13TANA,1954,349,213.82244338767586,1.6321953601813317,6.6,1.1698077830828337,0.9534413295172549,135.5090909090909,2.1422605176095884,2.1422605176095884,0
13TANA,1955,160,212.15546213704698,0.7541639436869371,54.2,1.164660048059306,0.9241654714529031,132.62727272727273,2.0203669976796115,2.0203669976796115,0
13TANA,1956,143,210.5014768397239,0.6793301507755235,200.7,1.136549376685546,0.7642963209487564,128.76363636363638,1.8569450861015673,1.8569450861015673,0
13TANA,1957,310,208.86038617794898,1.4842450771678652,269.3,1.1313250026452415,0.7345846065384412,124.68181818181819,1.6842946430461734,1.6842946430461734,0
13TANA,1958,197,207.23208962384794,0.9506249749137768,261.7,1.07356010926815,0.40606792650715207,124.2181818181818,1.664684013656807,1.664684013656807,0
13TANA,1959,200,205.61648743327203,0.9726846445857377,225.1,1.0430849107537046,0.23275139367978478,123.75454545454545,1.645073384267442,1.645073384267442,0
13TANA,1960,227,204.01348063968786,1.112671570958142,159.0,0.9419689835770793,-0.34230841777871385,125.15454545454546,1.704289794580428,1.704289794580428,0
13TANA,1961,220,202.42297104811504,1.0868331734332017,76.4,0.9084357212945342,-0.5330165685540595,126.3,1.752739584836507,1.752739584836507,0
13TANA,1962,216,200.84486122911113,1.0754569406363892,53.4,0.9205779510303241,-0.46396208290065344,120.13636363636364,1.4920335706014143,1.4920335706014143,0
13TANA,1963,100,199.27905451280347,0.5018088842526855,39.9,0.853010811534223,-0.8482254485675416,109.2909090909091,1.0332986517482194,1.0332986517482194,0
13TANA,1964,242,197.72545498296734,1.2239192976991586,15.0,0.9956115123389773,-0.03723617706147573,99.08181818181819,0.6014802830372911,0.6014802830372911,0
13TANA,1965,102,196.1839674711506,0.5199201612384529,22.0,0.9698300719472098,-0.18385867922101246,92.07272727272726,0.3050137093274719,0.3050137093274719,0
13TANA,1966,75,194.65449755084393,0.3852980585789441,66.8,0.8978181060754055,-0.5934003673930471,86.2,0.056612403728843845,0.056612403728843845,0
13TANA,1967,157,193.13695153169655,0.8128946778692115,132.9,0.8822271393219807,-0.682068282053209,88.12727272727273,0.13813109844542143,0.13813109844542143,0
13TANA,1968,142,191.63123645377703,0.7410065427107523,150.0,0.9008838953038343,-0.5759648137181823,88.19090909090909,0.140822753459648,0.140822753459648,0
13TANA,1969,479,190.13726008187905,2.5192326837660732,149.4,0.9626611730580333,-0.22462916670686395,89.03636363636365,0.1765833129343737,0.1765833129343737,0
13TANA,1970,130,188.654930899871,0.6890888002762979,148.0,0.9922081581763113,-0.05659150769787067,89.71818181818183,0.20542247380108777,0.20542247380108777,0
13TANA,1971,60,187.18415810509043,0.32053994636829425,94.4,1.0848412816437252,0.47022546370697693,89.39090909090909,0.1915796765850645,0.1915796765850645,0
13TANA,1972,170,185.72485160278143,0.9153325391455264,97.6,1.169433279573397,0.9513114779346153,86.89090909090909,0.08583608674044708,0.08583608674044708,0
13TANA,1973,236,184.27692200057595,1.2806812564367793,54.1,1.211475594936708,1.190411752452923,86.71818181818182,0.07853016598754627,0.07853016598754627,0
13TANA,1974,216,182.84028060301773,1.1813589395488764,49.2,1.245969802277372,1.3865849263890473,93.0909090909091,0.3480801895550984,0.3480801895550984,0
13TANA,1975,281,181.41483940612932,1.5489361340002161,22.5,1.1211707574641485,0.6768360551243515,99.4090909090909,0.6153230802533132,0.6153230802533132,0
13TANA,1976,277,180.00051109202104,1.5388845193800047,18.4,1.1635673396658384,0.9179510925684673,104.03636363636365,0.8110448520020783,0.8110448520020783,0
13TANA,1977,235,178.5972090235422,1.315810035805335,39.3,1.1794205489845306,1.008110415796497,110.2181818181818,1.0725199105269494,1.0725199105269494,0
13TANA,1978,226,177.20484723897417,1.2753601468656321,131.0,1.1623613797735841,0.9110926372525717,109.61818181818181,1.0471414489642414,1.0471414489642414,0
13TANA,1979,197,175.82334044676443,1.1204428234580575,220.1,1.1604622463923369,0.9002920115287238,110.19999999999999,1.0717508662371706,1.0717508662371706,0
13TANA,1980,200,174.452604020302,1.1464431908206134,218.9,1.1072567352633662,0.5977051485814612,107.60000000000001,0.9617775327987692,0.9617775327987692,0
13TANA,1981,200,173.09255399273343,1.1554512044948864,198.9,1.0691234776395708,0.3808362086257055,106.9,0.9321693276422762,0.9321693276422762,0
13TANA,1982,85,171.74310705181932,0.4949252488739086,162.4,1.1185820723000024,0.6621138561198469,108.30909090909091,0.9917702601001515,0.9917702601001515,0
13TANA,1983,124,170.40418053483089,0.7276816778251177,91.0,1.18204106345473,1.0230136323246397,115.91818181818184,1.3136152953726785,1.3136152953726785,0
13TANA,1984,213,169.07569242348623,1.2597907892430567,60.5,1.245024415177736,1.3812083834204776,123.2,1.6216175334291818,1.6216175334291818,0
13TANA,1985,100,167.75756133892622,0.5960983171301987,20.6,1.2322044387096647,1.3082994613892927,120.62727272727271,1.5127977664254473,1.5127977664254473,0
13TANA,1986,188,166.44970653672956,1.129470300138469,14.8,1.1785309895903595,1.003051372461023,119.20909090909093,1.4528123118226843,1.4528123118226843,0
13TANA,1987,344,165.15204790196648,2.082929060644751,33.9,1.1313049107624542,0.7344703413118827,113.21818181818183,1.1994122183404916,1.1994122183404916,0
13TANA,1988,330,163.86450594429132,2.0138589385073384,123.0,1.176888600836671,0.993710887797436,105.37272727272729,0.8675696073008377,0.8675696073008377,0
13TANA,1989,320,162.58700179307309,1.9681770158186986,211.1,1.1601594796986054,0.8985701368184325,101.18181818181819,0.6903048985067695,0.6903048985067695,0
13TANA,1990,158,161.3194571925642,0.9794230823092728,191.8,1.1001333406369607,0.5571934499283908,97.96363636363638,0.5541840592158807,0.5541840592158807,0
13TANA,1991,89,160.06179449710672,0.5560352505082578,203.3,1.1540277458842305,0.8636981459297085,97.14545454545454,0.5195770661758231,0.5195770661758231,0
13TANA,1992,101,158.81393666637607,0.6359643373879267,133.0,1.1370675195498576,0.7672430687676158,98.42727272727274,0.5737946886052457,0.5737946886052457,0
13TANA,1993,157,157.5758072606618,0.9963458396902939,76.1,1.0269033800473266,0.1407248627766423,103.37272727272726,0.7829747354251425,0.7829747354251425,0
13TANA,1994,85,156.34733043618505,0.543661345306396,44.9,0.9218266066252352,-0.45686081140925044,104.58181818181819,0.8341161806954495,0.8341161806954495,0
13TANA,1995,93,155.12843094045277,0.599503259564965,25.1,0.7898261760603734,-1.20756492729474,101.2,0.6910739427965484,0.6910739427965484,0
13TANA,1996,183,153.9190341076479,1.1889367748501687,11.6,0.7437817660644331,-1.469425649639025,99.25454545454546,0.6087862037901919,0.6087862037901919,0
13TANA,1997,144,152.71906585405546,0.9429078104603668,28.9,0.7396601122741152,-1.4928660463968697,95.64545454545454,0.45613091226905267,0.45613091226905267,0
13TANA,1998,132,151.5284526735247,0.871123526116909,88.3,0.7423625657712486,-1.4774968316556323,92.58181818181818,0.32654694944128515,0.32654694944128515,0
13TANA,1999,129,150.34712163296618,0.8580144308643322,136.3,0.7310135620224775,-1.5420401349535404,91.6,0.2850185577932171,0.2850185577932171,0
13TANA,2000,77,149.1750003678841,0.5161722796052182,173.9,0.7335559448964727,-1.5275812632703365,91.68181818181819,0.2884792570972233,0.2884792570972233,0
13TANA,2001,70,148.01201707794363,0.472934572353931,170.4,0.7620883260087403,-1.3653137930406258,91.64545454545454,0.28694116851766477,0.28694116851766477,0
13TANA,2002,75,146.85810052257244,0.5106970588147592,163.6,0.7505628894779075,-1.4308604931843174,91.73636363636363,0.29078638996656003,0.29078638996656003,0
13TANA,2003,97,145.71318001659697,0.665691325856395,99.3,0.7686503219586072,-1.3279948438000142,89.49090909090908,0.19580942017884895,0.19580942017884895,0
13TANA,2004,126,144.57718542591226,0.8715067984538125,65.3,0.7476532436696001,-1.4474080383303314,81.89999999999999,-0.1252665708038986,-0.1252665708038986,0
13TANA,2005,82,143.45004716318604,0.5716275569203428,45.8,0.7553251979290828,-1.403776607623377,71.77272727272727,-0.5536242402108215,-0.5536242402108215,0
13TANA,2006,130,142.3316961835957,0.9133594517999077,24.7,0.7847838270483144,-1.236241441006745,63.309090909090905,-0.9116143571029626,-0.9116143571029626,0
13TANA,2007,150,141.22206398059913,1.0621569730110074,12.6,0.842203105442148,-0.9096903196432053,55.5,-1.2419188795630582,-1.2419188795630582,0
13TANA,2008,160,140.12108258173805,1.141869567748064,4.2,0.8666177197778027,-0.770841140204152,49.17272727272727,-1.5095462924061627,-1.5095462924061627,0
13TANA,2009,89,139.02868454447432,0.6401556649378317,4.8,0.8938181735619595,-0.6161485189578454,50.445454545454545,-1.4557131921216302,-1.4557131921216302,0
13TANA,2010,130,137.94480295205855,0.942405927718642,24.9,,,,,,0
13TANA,2011,115,136.86937140943112,0.8402171999167654,80.8,,,,,,0
13TANA,2012,150,135.8023240391549,1.1045466346861013,84.5,,,,,,0
13TANA,2013,105,134.74359547737996,0.7792578165069586,94.0,,,,,,0
13TANA,2014,129,133.69312086983942,0.9648963174821199,113.3,,,,,,0
1TANA,1877,372,409.74939984772516,0.9078719825782443,20.7,,,61.872727272727275,-0.9723688559955062,-0.9723688559955062,0
1TANA,1878,150,402.6064001544522,0.37257231862795864,5.7,,,56.13636363636363,-1.2150023294207921,-1.2150023294207921,0
1TANA,1879,400,395.6286947078202,1.0110490097170735,10.0,,,55.74545454545455,-1.2315367816510412,-1.2315367816510412,0
1TANA,1880,369,388.81245847784936,0.9490436634787563,53.7,,,56.81818181818182,-1.186163168554078,-1.186163168554078,0
1TANA,1881,328,382.1539549485562,0.8582928313384951,90.5,,,58.1,-1.1319455461246561,-1.1319455461246561,0
1TANA,1882,418,375.6495340696749,1.1127393011020479,99.0,1.0190950686798657,0.05749386700258044,58.36363636363635,-1.1207944039228606,-1.1207944039228606,0
1TANA,1883,502,369.29563025577727,1.3593445436987992,106.1,0.9686784828979161,-0.13183771355792734,57.5,-1.1573240076873643,-1.1573240076873643,0
1TANA,1884,463,363.0887604316943,1.2751702901778514,105.8,1.006089557211496,0.008653708469159615,57.92727272727272,-1.1392514668775573,-1.1392514668775573,0
1TANA,1885,504,357.02552212316874,1.411663785274508,86.3,1.0220224951913088,0.06848735812836602,58.09090909090909,-1.1323300682695456,-1.1323300682695456,0
1TANA,1886,415,351.1025915916904,1.1819907056756167,42.4,1.02595750231386,0.08326466021009919,58.618181818181824,-1.1100277838659534,-1.1100277838659534,0
1TANA,1887,266,345.3167220124937,0.7703073238091726,21.8,1.0507385901026967,0.1763261487321747,61.45454545454545,-0.9900568746604241,-0.9900568746604241,0
1TANA,1888,120,339.66474169471707,0.35328953897679866,11.2,1.0598411139551616,0.21050924941913005,65.36363636363636,-0.8247123523579315,-0.8247123523579315,0
1TANA,1889,262,334.14355234274944,0.7840941360773354,10.4,1.1054683007154338,0.3818549931236688,67.53636363636363,-0.7328115597293368,-0.7328115597293368,0
1TANA,1890,390,328.7501273578103,1.1863113274950174,11.8,1.0745843156509407,0.2658750310620354,67.60909090909091,-0.7297353825702204,-0.7297353825702204,0
1TANA,1891,321,323.4815101788325,0.9923287418268184,59.5,0.9836596689391385,-0.07557821903120449,66.07272727272726,-0.7947196250565494,-0.7947196250565494,0
1TANA,1892,360,318.33481266173834,1.1308847970156974,121.7,1.0065466184595957,0.010370130300854614,66.2,-0.7893363150280955,-0.7893363150280955,0
1TANA,1893,380,313.3072134962202,1.2128670634791638,142.0,1.0591478069243219,0.2079056436031728,68.25454545454546,-0.7024343102830642,-0.7024343102830642,0
1TANA,1894,574,308.39595665915823,1.8612435980617916,130.0,1.0652420252685793,0.23079152477706602,69.07272727272726,-0.6678273172430084,-0.6678273172430084,0
1TANA,1895,284,303.5983499038269,0.9354464544684278,106.6,1.1374885885032542,0.5021021618448971,69.55454545454546,-0.6474476435638633,-0.6474476435638633,0
1TANA,1896,123,298.9117632840626,0.4114926714446842,69.4,1.1093764822910672,0.39653155607127427,68.89999999999999,-0.6751332379959092,-0.6751332379959092,0
1TANA,1897,422,294.33362771258277,1.4337471504006454,43.8,1.1004216569001921,0.36290311379177426,64.26363636363637,-0.8712395318895629,-0.8712395318895629,0
1TANA,1898,391,289.86143355266717,1.3489203969211592,44.4,1.0986594441201447,0.3562854000819785,56.90909090909091,-1.182317947105183,-1.182317947105183,0
1TANA,1899,120,285.49272924242797,0.42032594076363056,20.2,1.0192596536974134,0.058111940222446486,50.372727272727275,-1.4587893692807463,-1.4587893692807463,0
1TANA,1900,444,281.22511995091577,1.5788063316587597,15.7,0.9471140777574543,-0.21281945489893944,48.14545454545455,-1.552997294778678,-1.552997294778678,0
1TANA,1901,243,277.0562662653239,0.8770781591609633,4.6,0.9545299312463981,-0.18497038022459736,46.64545454545455,-1.6164434486854486,-1.6164434486854486,0
1TANA,1902,244,272.98388290857235,0.8938256625271916,8.5,0.9421759160254262,-0.23136394678166888,49.68181818181818,-1.4880130522923498,-1.4880130522923498,0
1TANA,1903,299,269.00573748656717,1.111500456435174,40.8,0.9203654498229249,-0.31326973184892226,53.054545454545455,-1.3453553365383386,-1.3453553365383386,0
1TANA,1904,90,265.1196492644492,0.3394693688291191,70.1,0.9195632426706656,-0.3162822949909623,55.67272727272728,-1.234612958810157,-1.234612958810157,0
1TANA,1905,279,261.3234879711621,1.0676422627222417,105.5,1.007106294921278,0.012471907472976052,56.64545454545455,-1.1934690893069788,-1.1934690893069788,0
1TANA,1906,262,257.61517263168236,1.0170208428468097,90.1,0.9396128733087515,-0.240989051716201,56.08181818181819,-1.2173094622901286,-1.2173094622901286,0
1TANA,1907,70,253.99267042627338,0.2755985040139926,102.8,0.9565007853172388,-0.17756914687055328,56.20909090909092,-1.2119261522616755,-1.2119261522616755,0
1TANA,1908,299,250.45399557613678,1.193832022173132,80.9,0.914101968583993,-0.3367912532765523,55.654545454545456,-1.2353820030999363,-1.2353820030999363,0
1TANA,1909,331,246.99720825485048,1.3400961182463078,73.2,0.9114954458427142,-0.34657964062407254,53.40909090909091,-1.3303589728876475,-1.3303589728876475,0
1TANA,1910,337,243.62041352499716,1.383299515520367,30.9,0.9735890748697513,-0.11339675558555776,54.218181818181826,-1.29613650199248,-1.29613650199248,0
1TANA,1911,201,240.32176029939984,0.8363786939209681,9.5,1.0171750205301688,0.05028342731698537,53.26363636363636,-1.33651132720588,-1.33651132720588,0
1TANA,1912,252,237.09944032639504,1.0628451912543218,6.0,1.0483473709168976,0.1673463001190216,60.85454545454545,-1.0154353362231323,-1.0154353362231323,0
1TANA,1913,100,233.9516871985877,0.4274386784614891,2.4,1.1315020737820292,0.4796207447350522,63.74545454545455,-0.8931572941482654,-0.8931572941482654,0
1TANA,1914,250,230.8767753845442,1.0828287062811082,16.1,1.1598368974440003,0.5860277309603068,66.0,-0.797795802215665,-0.797795802215665,0
1TANA,1915,233,227.87301928289259,1.022499288126527,79.0,1.168933532686493,0.6201887178960815,65.04545454545455,-0.8381706274290645,-0.8381706274290645,0
1TANA,1916,348,224.93877229831168,1.5470876649868333,95.0,1.0689987339044043,0.24489925485625572,66.19090909090909,-0.7897208371729854,-0.7897208371729854,0
1TANA,1917,302,222.07242593890248,1.3599166971008256,173.6,1.107523315055,0.38957227716720394,67.48181818181818,-0.7351186925986736,-0.7351186925986736,0
1TANA,1918,261,219.27240893444718,1.1903002355304426,134.6,1.1590255010811854,0.5829806591792622,67.81818181818181,-0.7208913732377618,-0.7208913732377618,0
1TANA,1919,326,216.53718637507205,1.5055150824548138,105.7,1.250877716278644,0.9279172472404275,70.13636363636364,-0.6228382262909342,-0.6228382262909342,0
1TANA,1920,308,213.86525886984248,1.4401591059137264,62.7,1.2494842936089088,0.9226844669488223,75.39999999999999,-0.40019990439990394,-0.40019990439990394,0
1TANA,1921,60,211.2551617248286,0.2840167289173898,43.5,1.2684062930978282,0.9937430683006986,77.89999999999999,-0.2944563145552865,-0.2944563145552865,0
1TANA,1922,263,208.7054641401915,1.2601490865775216,23.7,1.1924280775130172,0.7084187961047518,79.69090909090909,-0.21870545201205124,-0.21870545201205124,0
1TANA,1923,336,206.21476842584872,1.6293692375423627,9.7,1.138406074639268,0.5055476371300566,75.7,-0.38751067361854935,-0.38751067361854935,0
1TANA,1924,293,203.78170923529046,1.4378130456335327,27.9,1.1506624524709095,0.5515745417849583,73.3,-0.48902451986938233,-0.48902451986938233,0
1TANA,1925,215,201.40495281712558,1.0675010569140206,74.0,1.0864019961568534,0.3102544767155057,69.0909090909091,-0.6670582729532288,-0.6670582729532288,0
1TANA,1926,245,199.0831962839473,1.2306412825046407,106.5,1.0428836536966184,0.14682816702835363,66.58181818181818,-0.7731863849427361,-0.7731863849427361,0
1TANA,1927,140,196.8151668981182,0.7113272935539124,114.7,1.0893076187168986,0.32116608652155076,64.31818181818181,-0.8689323990202261,-0.8689323990202261,0
1TANA,1928,149,194.59962137408223,0.7656746654895834,129.7,1.0354311038414954,0.1188412849062882,63.0,-0.924688110029206,-0.924688110029206,0
1TANA,1929,255,192.43534519682214,1.3251203916784984,108.2,0.9122347511217942,-0.34380329560122,63.445454545454545,-0.9058465249296196,-0.9058465249296196,0
1TANA,1930,152,190.321151956088,0.7986500630001984,59.4,0.8465092701523299,-0.5906250309894084,66.38181818181819,-0.781645872130305,-0.781645872130305,0
1TANA,1931,181,188.25588269603242,0.9614573388511416,35.1,0.8171526267147655,-0.7008693011195625,71.72727272727273,-0.5555468509352686,-0.5555468509352686,0
1TANA,1932,148,186.23840527989546,0.7946803441404718,18.6,0.8296893745383656,-0.6537895109331252,79.37272727272727,-0.23216372708318414,-0.23216372708318414,0
1TANA,1933,123,184.2676137693913,0.6675074229480881,9.2,0.8865282393403681,-0.44034006878385107,85.54545454545455,0.028926809296798493,0.028926809296798493,0
1TANA,1934,50,182.34242781845649,0.2742093576256478,14.6,0.9118344623522447,-0.3453065172939224,87.2090909090909,0.09929436181157998,0.09929436181157998,0
1TANA,1935,129,180.46179208102697,0.7148327549694246,60.2,0.87449899505614,-0.48551400902509523,87.64545454545454,0.1177514247662769,0.1177514247662769,0
1TANA,1936,133,178.62467563251988,0.7445779791008136,132.8,0.9355391274642318,-0.2562873653084882,89.44545454545455,0.19388680945440193,0.19388680945440193,0
1TANA,1937,242,176.8300714047026,1.3685455085642422,190.6,0.9199066266324224,-0.31499277037896795,90.87272727272727,0.254256786202056,0.254256786202056,0
1TANA,1938,234,175.07699563363934,1.3365548063759394,182.6,0.9141147127224408,-0.3367433946634036,91.64545454545454,0.28694116851766477,0.28694116851766477,0
1TANA,1939,181,173.36448732041245,1.0440431186202257,148.0,0.9089522931510768,-0.3561300516891314,92.27272727272727,0.3134731965150414,0.3134731965150414,0
1TANA,1940,157,171.69160770432353,0.9144302514213479,113.0,0.9500328559298263,-0.2018584412541288,95.97272727272728,0.46997370948507594,0.46997370948507594,0
1TANA,1941,250,170.0574397482845,1.470091519489208,79.2,0.9617213136441684,-0.15796427152708345,104.52727272727272,0.8318090478261114,0.8318090478261114,0
1TANA,1942,133,168.46108763611744,0.7894998297012377,50.8,0.9149223992727614,-0.3337102545013339,111.97272727272728,1.1467326844906274,1.1467326844906274,0
1TANA,1943,122,166.90167628148714,0.7309692911306747,27.1,0.8554322382357502,-0.5571162238315509,112.19090909090909,1.1559612159679753,1.1559612159679753,0
1TANA,1944,101,165.37835084819739,0.6107208076630841,16.1,0.78389799198035,-0.8257518662035994,112.92727272727274,1.187107509704027,1.187107509704027,0
1TANA,1945,119,163.8902762815879,0.7260955481918908,55.3,0.7579122122907908,-0.923337386214811,110.28181818181817,1.075211565541176,1.075211565541176,0
1TANA,1946,137,162.43663685077502,0.843405789827188,154.3,0.7250089443485743,-1.046900448419156,108.94545454545455,1.0186868102424178,1.0186868102424178,0
1TANA,1947,37,161.01663570148557,0.2297899210153391,214.7,0.6314033484264683,-1.3984215827912834,105.83636363636364,0.8871802366902027,0.8871802366902027,0
1TANA,1948,114,159.62949441923797,0.7141537371571173,193.0,0.5940567523668088,-1.5386708668485494,103.04545454545455,0.7691319382091205,0.7691319382091205,0
1TANA,1949,87,158.27445260263218,0.5496780975665377,190.7,0.7447740828475627,-0.9726755707529929,101.18181818181819,0.6903048985067695,0.6903048985067695,0
1TANA,1950,119,156.9507674465137,0.7581995420350734,118.9,0.8315464081615698,-0.6468157124185668,104.64545454545454,0.8368078357096754,0.8368078357096754,0
1TANA,1951,86,155.65771333478355,0.5524943040569663,98.3,0.9708959528172243,-0.12351035306422432,117.86363636363636,1.3959030343790344,1.3959030343790344,0
1TANA,1952,68,154.39458144263097,0.44042996434604176,45.0,0.9676825757214605,-0.1355776867609005,128.3181818181818,1.83810350100198,1.83810350100198,0
1TANA,1953,58,153.16067934797059,0.37868727304498284,20.1,1.0627366637898825,0.2213830326850273,132.5909090909091,2.018828909100054,2.018828909100054,0
1TANA,1954,363,151.95533065187158,2.3888599264189687,6.6,1.1332444779787585,0.48616407041697757,135.5090909090909,2.1422605176095884,2.1422605176095884,0
1TANA,1955,236,150.77787460776986,1.565216386117161,54.2,1.1940263845073325,0.7144209873432344,132.62727272727273,2.0203669976796115,2.0203669976796115,0
1TANA,1956,338,149.62766575926105,2.25894053940409,200.7,1.2561721981514846,0.9477998435266831,128.76363636363638,1.8569450861015673,1.8569450861015673,0
1TANA,1957,120,148.50407358627487,0.8080586417737884,269.3,1.2928794923227065,1.0856483296101096,124.68181818181819,1.6842946430461734,1.6842946430461734,0
1TANA,1958,188,147.40648215943745,1.2753848897679811,261.7,1.2943695051220636,1.091243838984302,124.2181818181818,1.664684013656807,1.664684013656807,0
1TANA,1959,218,146.3342898024319,1.4897396932347506,225.1,1.3692909084073455,1.3725994183399401,123.75454545454545,1.645073384267442,1.645073384267442,0
1TANA,1960,177,145.28690876217223,1.2182790693808525,159.0,1.2032734511846,0.7491468959386213,125.15454545454546,1.704289794580428,1.704289794580428,0
1TANA,1961,208,144.26376488660947,1.4418034921207474,76.4,1.0935667264448177,0.33716049759476335,126.3,1.752739584836507,1.752739584836507,0
1TANA,1962,137,143.26429730999374,0.9562745399404073,53.4,0.9537978776218611,-0.1877194927961642,120.13636363636364,1.4920335706014143,1.4920335706014143,0
1TANA,1963,65,142.28795814541957,0.4568201051389705,39.9,0.9179596844499709,-0.3223042063865098,109.2909090909091,1.0332986517482194,1.0332986517482194,0
1TANA,1964,170,141.33421218448592,1.2028227091830825,15.0,0.8564734609569754,-0.5532060752074911,99.08181818181819,0.6014802830372911,0.6014802830372911,0
1TANA,1965,79,140.4025366039063,0.562667896968765,22.0,0.7564553506161978,-0.928808401739378,92.07272727272726,0.3050137093274719,0.3050137093274719,0
1TANA,1966,50,139.49242067890822,0.3584424139795589,66.8,0.7088862199746995,-1.1074468111151408,86.2,0.056612403728843845,0.056612403728843845,0
1TANA,1967,100,138.60336550326448,0.7214832023515672,132.9,0.6454250259332545,-1.3457653720761973,88.12727272727273,0.13813109844542143,0.13813109844542143,0
1TANA,1968,57,137.7348837158037,0.4138385168829951,150.0,0.6054127480795946,-1.4960252060249668,88.19090909090909,0.140822753459648,0.140822753459648,0
1TANA,1969,82,136.886499233249,0.5990364313450325,149.4,0.6103879138475848,-1.4773417512888989,89.03636363636365,0.1765833129343737,0.1765833129343737,0
1TANA,1970,53,136.05774698923938,0.38954047948619713,148.0,0.6110724091899477,-1.4747712363869903,89.71818181818183,0.20542247380108777,0.20542247380108777,0
1TANA,1971,94,135.24817267939017,0.6950186323243702,94.4,0.6670981599931864,-1.2643753163311724,89.39090909090909,0.1915796765850645,0.1915796765850645,0
1TANA,1972,100,134.45733251225312,0.7437303576648524,97.6,0.7214108245232215,-1.0604126230937063,86.89090909090909,0.08583608674044708,0.08583608674044708,0
1TANA,1973,69,133.68479296603914,0.5161394835501487,54.1,0.7222130694994323,-1.0573999179097486,86.71818181818182,0.07853016598754627,0.07853016598754627,0
1TANA,1974,68,132.93013055097106,0.5115469285868632,49.2,0.7492199537437599,-0.9559797998932703,93.0909090909091,0.3480801895550984,0.3480801895550984,0
1TANA,1975,160,132.19293157713543,1.2103521579490728,22.5,0.7519531377061484,-0.9457157561954342,99.4090909090909,0.6153230802533132,0.6153230802533132,0
1TANA,1976,155,131.4727919277065,1.1789511558043926,18.4,0.8116257778239135,-0.7216245152974875,104.03636363636365,0.8110448520020783,0.8110448520020783,0
1TANA,1977,125,130.76931683741805,0.9558817238099447,39.3,0.7769652881844433,-0.8517865479829989,110.2181818181818,1.0725199105269494,1.0725199105269494,0
1TANA,1978,95,130.08212067616125,0.7303078970898852,131.0,0.7466120133848029,-0.9657735108816423,109.61818181818181,1.0471414489642414,1.0471414489642414,0
1TANA,1979,92,129.41082673759055,0.7109142435705987,220.1,0.7479234888588743,-0.9608484704307442,110.19999999999999,1.0717508662371706,1.0717508662371706,0
1TANA,1980,81,128.75506703262138,0.6291014549313064,218.9,0.7375812232667953,-0.999687226779571,107.60000000000001,0.9617775327987692,0.9617775327987692,0
1TANA,1981,134,128.11448208770608,1.0459395207816142,198.9,0.6653289554773434,-1.271019286408164,106.9,0.9321693276422762,0.9321693276422762,0
1TANA,1982,40,127.48872074777836,0.3137532462901982,162.4,0.6508336428459581,-1.32545415954869,108.30909090909091,0.9917702601001515,0.9917702601001515,0
1TANA,1983,52,126.87743998375737,0.40984433486880684,91.0,0.6511598653807006,-1.3242290819842477,115.91818181818184,1.3136152953726785,1.3136152953726785,0
1TANA,1984,67,126.28030470450662,0.5305657137649348,60.5,0.7415643831076537,-0.9847290947165137,123.2,1.6216175334291818,1.6216175334291818,0
1TANA,1985,50,125.69698757314401,0.39778200707399314,20.6,0.7205508638211225,-1.063642070634095,120.62727272727271,1.5127977664254473,1.5127977664254473,0
1TANA,1986,52,125.1271688276027,0.4155772122651028,14.8,0.6856287509636179,-1.1947865882819166,119.20909090909093,1.4528123118226843,1.4528123118226843,0
1TANA,1987,127,124.57053610534443,1.0195027168591542,33.9,0.6278088839356752,-1.4119200304301973,113.21818181818183,1.1994122183404916,1.1994122183404916,0
1TANA,1988,119,124.02678427212889,0.9594701716921117,123.0,0.6733653961836228,-1.2408396937720947,105.37272727272729,0.8675696073008377,0.8675696073008377,0
1TANA,1989,213,123.49561525474572,1.72475759208637,211.1,0.6811787971148332,-1.2114976920297107,101.18181818181819,0.6903048985067695,0.6903048985067695,0
1TANA,1990,59,122.97673787761698,0.4797655314187562,191.8,0.8252348298892702,-0.6705178547114642,97.96363636363638,0.5541840592158807,0.5541840592158807,0
1TANA,1991,30,122.46986770318102,0.2449582134987542,203.3,1.0010066179479198,-0.010434472726372896,97.14545454545454,0.5195770661758231,0.5195770661758231,0
1TANA,1992,50,121.97472687596974,0.4099209834742455,133.0,1.0391960974917007,0.13298012805756051,98.42727272727274,0.5737946886052457,0.5737946886052457,0
1TANA,1993,99,121.49104397029416,0.8148748810176208,76.1,1.1805811289198287,0.6639294387399277,103.37272727272726,0.7829747354251425,0.7829747354251425,0
1TANA,1994,60,121.01855384145463,0.49579174511212126,44.9,1.3228957334408156,1.1983696153781667,104.58181818181819,0.8341161806954495,0.8341161806954495,0
1TANA,1995,255,120.55699748039412,2.115182074283743,25.1,1.4425016994680293,1.647531061778735,101.2,0.6910739427965484,0.6910739427965484,0
1TANA,1996,280,120.10612187171495,2.3312716757191385,11.6,1.6300045995947448,2.3516687952263675,99.25454545454546,0.6087862037901919,0.6087862037901919,0
1TANA,1997,100,119.66567985498112,0.8356614872466918,28.9,1.6463836451000915,2.413177731730157,95.64545454545454,0.45613091226905267,0.45613091226905267,0
1TANA,1998,307,119.23542998923025,2.574738062568561,88.3,1.8107436746456465,3.03040604444095,92.58181818181818,0.32654694944128515,0.32654694944128515,0
1TANA,1999,300,118.81513642062072,2.524930821422969,136.3,1.8160164715505567,3.0502072062312164,91.6,0.2850185577932171,0.2850185577932171,0
1TANA,2000,360,118.4045687531416,3.0404232183857194,173.9,1.86459286166503,3.232628220579035,91.68181818181819,0.2884792570972233,0.2884792570972233,0
1TANA,2001,300,118.00350192231448,2.542297432812627,170.4,1.750583627399264,2.8044844225164764,91.64545454545454,0.28694116851766477,0.28694116851766477,0
1TANA,2002,50,117.6117160718179,0.42512771405757077,163.6,1.6093139357586865,2.2739682523163482,91.73636363636363,0.29078638996656003,0.29078638996656003,0
1TANA,2003,260,117.22899643296674,2.2178813084753464,99.3,1.6120919124332787,2.2844005080195706,89.49090909090908,0.19580942017884895,0.19580942017884895,0
1TANA,2004,102,116.85513320698064,0.8728756469716366,65.3,1.4333071104259425,1.6130022247116704,81.89999999999999,-0.1252665708038986,-0.1252665708038986,0
1TANA,2005,120,116.48992144997672,1.0301320363713231,45.8,1.2988058071282218,1.107903675378269,71.77272727272727,-0.5536242402108215,-0.5536242402108215,0
1TANA,2006,100,116.13316096062374,0.8610804973603201,24.7,1.062112588026084,0.2190394140342026,63.309090909090905,-0.9116143571029626,-0.9116143571029626,0
1TANA,2007,90,115.78465617039593,0.7773050676727871,12.6,0.9854835245534862,-0.0687290153252637,55.5,-1.2419188795630582,-1.2419188795630582,0
1TANA,2008,100,115.44421603636653,0.8662192306672049,4.2,1.0107117519518545,0.026011635870975915,49.17272727272727,-1.5095462924061627,-1.5095462924061627,0
1TANA,2009,70,115.11165393648203,0.6081052404878624,4.8,0.9371713737173302,-0.25015772050668345,50.445454545454545,-1.4557131921216302,-1.4557131921216302,0
1TANA,2010,120,114.78678756726003,1.0454164851480423,24.9,,,,,,0
1TANA,2011,50,114.46943884385426,0.4367978082622045,80.8,,,,,,0
1TANA,2012,194,114.15943380243232,1.6993777346140497,84.5,,,,,,0
1TANA,2013,80,113.85660250481229,0.7026382154396246,94.0,,,,,,0
1TANA,2014,160,113.56077894530634,1.408937147895577,113.3,,,,,,0
2TANA,1890,248,316.9958856961469,0.7823445388112003,11.8,,,67.60909090909091,-0.7297353825702204,-0.7297353825702204,0
2TANA,1891,500,313.1836985322467,1.5965071053930284,59.5,,,66.07272727272726,-0.7947196250565494,-0.7947196250565494,0
2TANA,1892,248,309.4284865343701,0.8014775975464468,121.7,,,66.2,-0.7893363150280955,-0.7893363150280955,0
2TANA,1893,298,305.72939817833856,0.9747181716106024,142.0,,,68.25454545454546,-0.7024343102830642,-0.7024343102830642,0
2TANA,1894,530,302.0855946664555,1.754469625025297,130.0,,,69.07272727272726,-0.6678273172430084,-0.6678273172430084,0
2TANA,1895,298,298.4962497373024,0.9983375009309526,106.6,1.075343459317517,0.7018198775680204,69.55454545454546,-0.6474476435638633,-0.6474476435638633,0
2TANA,1896,213,294.9605494783771,0.7221304692328508,69.4,1.0908607647022597,0.8367155253783966,68.89999999999999,-0.6751332379959092,-0.6751332379959092,0
2TANA,1897,306,291.4776921415334,1.0498230507857012,43.8,1.021142602965943,0.2306388671967406,64.26363636363637,-0.8712395318895629,-0.8712395318895629,0
2TANA,1898,418,288.0468879611775,1.4511526333738325,44.4,1.039977600861047,0.3943760096689987,56.90909090909091,-1.182317947105183,-1.182317947105183,0
2TANA,1899,200,284.6673589751828,0.7025744037532449,20.2,0.9784521128886401,-0.14047977560463784,50.372727272727275,-1.4587893692807463,-1.4587893692807463,0
2TANA,1900,280,281.3383388484808,0.9952429560295314,15.7,0.8703304860975748,-1.080406942510388,48.14545454545455,-1.552997294778678,-1.552997294778678,0
2TANA,1901,265,278.0590726992884,0.9530348980433689,4.6,0.821149439329735,-1.5079495473149132,46.64545454545455,-1.6164434486854486,-1.6164434486854486,0
2TANA,1902,228,274.82881692793234,0.8296073262935446,8.5,0.7765297794172702,-1.8958389249957053,49.68181818181818,-1.4880130522923498,-1.4880130522923498,0
2TANA,1903,274,271.6468390482325,1.008662574392591,40.8,0.8090692614557621,-1.6129654234332258,53.054545454545455,-1.3453553365383386,-1.3453553365383386,0
2TANA,1904,80,268.51241752140436,0.2979378039141256,70.1,0.8195003770885273,-1.522285239871823,55.67272727272728,-1.234612958810157,-1.234612958810157,0
2TANA,1905,150,265.42484159244464,0.5651317303235787,105.5,0.8582658492195177,-1.1852877170334362,56.64545454545455,-1.1934690893069788,-1.1934690893069788,0
2TANA,1906,120,262.38341112896177,0.45734598648471664,90.1,0.8253766075855757,-1.4712017624298028,56.08181818181819,-1.2173094622901286,-1.2173094622901286,0
2TANA,1907,60,259.3874364624154,0.23131421019573495,102.8,0.8366698833081326,-1.3730266149590697,56.20909090909092,-1.2119261522616755,-1.2119261522616755,0
2TANA,1908,361,256.4362382317287,1.4077573532091132,80.9,0.7863859291753397,-1.8101570573282593,55.654545454545456,-1.2353820030999363,-1.2353820030999363,0
2TANA,1909,397,253.5291472292374,1.5658949053342508,73.2,0.8092586716977025,-1.611318834888697,53.40909090909091,-1.3303589728876475,-1.3303589728876475,0
2TANA,1910,283,250.66550424894223,1.128994597194138,30.9,0.8753932002072172,-1.0363955576361528,54.218181818181826,-1.29613650199248,-1.29613650199248,0
2TANA,1911,157,247.8446599370282,0.6334612980561704,9.5,0.9403884925718251,-0.47137593272309986,53.26363636363636,-1.33651132720588,-1.33651132720588,0
2TANA,1912,264,245.06597464461882,1.0772609309914942,6.0,1.0156919637489235,0.18325515656335722,60.85454545454545,-1.0154353362231323,-1.0154353362231323,0
2TANA,1913,67,242.3288182827304,0.27648383083282163,2.4,1.0890445387716303,0.8209266388798974,63.74545454545455,-0.8931572941482654,-0.8931572941482654,0
2TANA,1914,302,239.63257017939443,1.2602627421385828,16.1,1.0649082333935282,0.6111039622617335,66.0,-0.797795802215665,-0.797795802215665,0
2TANA,1915,243,236.97661893891538,1.0254176175187868,79.0,1.0194295726835727,0.2157470851553602,65.04545454545455,-0.8381706274290645,-0.8381706274290645,0
2TANA,1916,300,234.3603623032317,1.280079946334266,95.0,0.9536729840722452,-0.35589067015021736,66.19090909090909,-0.7897208371729854,-0.7897208371729854,0
2TANA,1917,298,231.78320701534912,1.2856841694328005,173.6,1.0062715017760384,0.10136082703918388,67.48181818181818,-0.7351186925986736,-0.7351186925986736,0
2TANA,1918,238,229.24456868481485,1.0381925354455088,134.6,1.0620107764727253,0.5859156761100237,67.81818181818181,-0.7208913732377618,-0.7208913732377618,0
2TANA,1919,259,226.74387165520253,1.14225799404999,105.7,1.1346458188897615,1.217349475834959,70.13636363636364,-0.6228382262909342,-0.6228382262909342,0
2TANA,1920,239,224.2805488735773,1.0656296375247405,62.7,1.083390411157481,0.7717739549311013,75.39999999999999,-0.40019990439990394,-0.40019990439990394,0
2TANA,1921,90,221.85404176191238,0.40567212246953566,43.5,1.1133977540484743,1.0326349651377238,77.89999999999999,-0.2944563145552865,-0.2944563145552865,0
2TANA,1922,266,219.4638000904267,1.2120449927978953,23.7,1.034170434335335,0.3438929218515165,79.69090909090909,-0.21870545201205124,-0.21870545201205124,0
2TANA,1923,367,217.10928185281628,1.6903929526550519,9.7,1.02813641804487,0.2914377747612893,75.7,-0.38751067361854935,-0.38751067361854935,0
2TANA,1924,231,214.78995314334963,1.0754692974202191,27.9,1.072995416756043,0.6814077818746649,73.3,-0.48902451986938233,-0.48902451986938233,0
2TANA,1925,148,212.50528803580073,0.6964532570834965,74.0,1.0503290333237034,0.4843634883705753,69.0909090909091,-0.6670582729532288,-0.6670582729532288,0
2TANA,1926,285,210.25476846419076,1.3554983893197141,106.5,1.0596298649748959,0.5652178428899161,66.58181818181818,-0.7731863849427361,-0.7731863849427361,0
2TANA,1927,85,208.0378841053128,0.4085794294897335,114.7,1.1323347163818325,1.1972585088639924,64.31818181818181,-0.8689323990202261,-0.8689323990202261,0
2TANA,1928,251,205.8541322630118,1.219309990237685,129.7,1.1403120773133073,1.2666076158118116,63.0,-0.924688110029206,-0.924688110029206,0
2TANA,1929,312,203.7030177541942,1.5316415212684102,108.2,1.024240653979398,0.257570965782654,63.445454545454545,-0.9058465249296196,-0.9058465249296196,0
2TANA,1930,180,201.58405279654144,0.8929277762942578,59.4,1.003868483978853,0.08047081847043333,66.38181818181819,-0.781645872130305,-0.781645872130305,0
2TANA,1931,233,199.4967568979013,1.1679387856878547,35.1,1.0508817044947345,0.48916799107216297,71.72727272727273,-0.5555468509352686,-0.5555468509352686,0
2TANA,1932,238,197.44065674733238,1.2054254879458388,18.6,1.0056685773889256,0.09611946110845786,79.37272727272727,-0.23216372708318414,-0.23216372708318414,0
2TANA,1933,254,195.41528610777732,1.2997959630441165,9.2,1.08501641238505,0.7859091725797185,85.54545454545455,0.028926809296798493,0.028926809296798493,0
2TANA,1934,80,193.42018571033964,0.4136072959820525,14.6,1.133856450071188,1.2104873038596968,87.2090909090909,0.09929436181157998,0.09929436181157998,0
2TANA,1935,163,191.45490315014098,0.8513754274142233,60.2,1.1339307236884968,1.2111329821829404,87.64545454545454,0.1177514247662769,0.1177514247662769,0
2TANA,1936,230,189.51899278373463,1.213598682758194,132.8,1.2201858493314102,1.9609694236315132,89.44545454545455,0.19388680945440193,0.19388680945440193,0
2TANA,1937,161,187.6120156280524,0.8581539911558134,190.6,1.18480304941409,1.653378279560529,90.87272727272727,0.254256786202056,0.254256786202056,0
2TANA,1938,238,185.73353926086168,1.2814056144471053,182.6,1.1749980732164003,1.5681412758953714,91.64545454545454,0.28694116851766477,0.28694116851766477,0
2TANA,1939,323,183.88313772271022,1.7565504047852039,148.0,1.1046166950578735,0.956299118698631,92.27272727272727,0.3134731965150414,0.3134731965150414,0
2TANA,1940,279,182.0603914203365,1.5324585310588055,113.0,1.1315213473093086,1.1901876969397194,95.97272727272728,0.46997370948507594,0.46997370948507594,0
2TANA,1941,332,180.2648870315236,1.8417341583663038,79.2,1.152084848212879,1.3689511295627461,104.52727272727272,0.8318090478261114,0.8318090478261114,0
2TANA,1942,139,178.49621741137517,0.778727986597333,50.8,1.0952205604422987,0.8746162727112254,111.97272727272728,1.1467326844906274,1.1467326844906274,0
2TANA,1943,194,176.75398149999194,1.097570749771251,27.1,1.114902737732053,1.0457181483262186,112.19090909090909,1.1559612159679753,1.1559612159679753,0
2TANA,1944,92,175.03778423152826,0.5256008033003238,16.1,1.0779678268830604,0.7246341326251252,112.92727272727274,1.187107509704027,1.187107509704027,0
2TANA,1945,123,173.3472364446079,0.7095584707478388,55.3,1.0249964274393977,0.2641410852690428,110.28181818181817,1.075211565541176,1.075211565541176,0
2TANA,1946,185,171.6819547940784,1.0775739373534963,154.3,0.9323244101170421,-0.5414789306188443,108.94545454545455,1.0186868102424178,1.0186868102424178,0
2TANA,1947,100,170.04156166408472,0.5880915172818098,214.7,0.8343929253460559,-1.3928207552247722,105.83636363636364,0.8871802366902027,0.8871802366902027,0
2TANA,1948,181,168.42568508244167,1.0746579413431117,193.0,0.8716485284980997,-1.0689488846161885,103.04545454545455,0.7691319382091205,0.7691319382091205,0
2TANA,1949,146,166.83395863628638,0.8751215951081857,190.7,0.8860587430837552,-0.9436774419641775,101.18181818181819,0.6903048985067695,0.6903048985067695,0
2TANA,1950,194,165.26602138899116,1.173865010904915,118.9,0.9045409383528011,-0.7830072971188472,104.64545454545454,0.8368078357096754,0.8368078357096754,0
2TANA,1951,84,163.7215177983184,0.5130663405128949,98.3,0.9557519524085,-0.33781770106551456,117.86363636363636,1.3959030343790344,1.3959030343790344,0
2TANA,1952,124,162.20009763579836,0.7644878258854549,45.0,0.9047335083479637,-0.7813332400836714,128.3181818181818,1.83810350100198,1.83810350100198,0
2TANA,1953,191,160.70141590731225,1.1885396212698154,20.1,0.9987029215570232,0.03556534861464256,132.5909090909091,2.018828909100054,2.018828909100054,0
2TANA,1954,200,159.22513277486192,1.256083110213462,6.6,0.9953999283810628,0.006851638783132493,135.5090909090909,2.1422605176095884,2.1422605176095884,0
2TANA,1955,115,157.77091347950906,0.7289049512598275,54.2,1.0140945825111134,0.16936873933228316,132.62727272727273,2.0203669976796115,2.0203669976796115,0
2TANA,1956,199,156.33842826546578,1.2728796253605288,200.7,1.007720195859708,0.11395467126988462,128.76363636363638,1.8569450861015673,1.8569450861015673,0
2TANA,1957,80,154.92735230531994,0.5163710526875953,269.3,1.0261083620250735,0.2738073986229699,124.68181818181819,1.6842946430461734,1.6842946430461734,0
2TANA,1958,249,153.53736562637798,1.6217550625814656,261.7,0.9968366736242686,0.019341608885241057,124.2181818181818,1.664684013656807,1.664684013656807,0
2TANA,1959,158,152.16815303810847,1.0383250164075464,225.1,0.9986603740646438,0.03519547308503727,123.75454545454545,1.645073384267442,1.645073384267442,0
2TANA,1960,163,150.81940406067034,1.080762790538741,159.0,0.9411427536303507,-0.4648189609045267,125.15454545454546,1.704289794580428,1.704289794580428,0
2TANA,1961,165,149.4908128545089,1.103746757739456,76.4,0.9129850786050959,-0.7096003658706567,126.3,1.752739584836507,1.752739584836507,0
2TANA,1962,106,148.18207815100433,0.7153361683319163,53.4,0.8658063771594784,-1.1197361037814735,120.13636363636364,1.4920335706014143,1.4920335706014143,0
2TANA,1963,65,146.89290318415678,0.442499253476601,39.9,0.930618220864617,-0.5563112419503784,109.2909090909091,1.0332986517482194,1.0332986517482194,0
2TANA,1964,176,145.6229956232921,1.2086003261139422,15.0,0.906958159921728,-0.7619938117644753,99.08181818181819,0.6014802830372911,0.6014802830372911,0
2TANA,1965,90,144.37206750677376,0.623389285436238,22.0,0.9110990708472613,-0.7259958824864896,92.07272727272726,0.3050137093274719,0.3050137093274719,0
2TANA,1966,60,143.13983517670502,0.41917052598202637,66.8,0.8883573868744663,-0.9236947816024013,86.2,0.056612403728843845,0.056612403728843845,0
2TANA,1967,107,141.92601921460746,0.7539139094587332,132.9,0.9008820342482866,-0.8148150257944609,88.12727272727273,0.13813109844542143,0.13813109844542143,0
2TANA,1968,173,140.7303443780605,1.22930133344412,150.0,0.915977406169617,-0.6835873465178376,88.19090909090909,0.140822753459648,0.140822753459648,0
2TANA,1969,190,139.55253953828802,1.3614943922096887,149.4,0.9436321394530484,-0.4431781344287555,89.03636363636365,0.1765833129343737,0.1765833129343737,0
2TANA,1970,150,138.3923376186777,1.083875036588411,148.0,0.9911524817140247,-0.030072431181585525,89.71818181818183,0.20542247380108777,0.20542247380108777,0
2TANA,1971,114,137.2494755342194,0.8306042668379976,94.4,1.0020832722211923,0.06495154559686347,89.39090909090909,0.1915796765850645,0.1915796765850645,0
2TANA,1972,169,136.12369413184854,1.2415178788514782,97.6,1.0279473055821267,0.2897937748825564,86.89090909090909,0.08583608674044708,0.08583608674044708,0
2TANA,1973,119,135.0147381316808,0.8813852594665517,54.1,1.0603312631667237,0.5713152651622564,86.71818181818182,0.07853016598754627,0.07853016598754627,0
2TANA,1974,100,133.9223560691258,0.7467013195943452,49.2,1.0545308251386445,0.5208906697843096,93.0909090909091,0.3480801895550984,0.3480801895550984,0
2TANA,1975,230,132.84630023786517,1.7313240909846817,22.5,0.9741833997114123,-0.1775887204298788,99.4090909090909,0.6153230802533132,0.6153230802533132,0
2TANA,1976,98,131.78632663368336,0.7436279810150813,18.4,1.05213085161054,0.5000271257749407,104.03636363636365,0.8110448520020783,0.8110448520020783,0
2TANA,1977,92,130.74219489913767,0.7036748929523042,39.3,1.0055385474582865,0.09498907981522518,110.2181818181818,1.0725199105269494,1.0725199105269494,0
2TANA,1978,144,129.71366826905526,1.1101374428893005,131.0,0.9742602830121195,-0.1769203555045551,109.61818181818181,1.0471414489642414,1.0471414489642414,0
2TANA,1979,150,128.70051351684486,1.1654965151352514,220.1,0.9543208687771361,-0.3502584534214921,110.19999999999999,1.0717508662371706,1.0717508662371706,0
2TANA,1980,61,127.70250090161068,0.4776727125101324,218.9,0.9174982892381397,-0.670365946172522,107.60000000000001,0.9617775327987692,0.9617775327987692,0
2TANA,1981,246,126.71940411605695,1.9412970074788152,198.9,0.813002641276028,-1.5787716116996027,106.9,0.9321693276422762,0.9321693276422762,0
2TANA,1982,40,125.7510002351708,0.31808892116320964,162.4,0.827211057310964,-1.4552544521239084,108.30909090909091,0.9917702601001515,0.9917702601001515,0
2TANA,1983,112,124.79706966567241,0.8974569699436423,91.0,0.8539704682897415,-1.2226284910111271,115.91818181818184,1.3136152953726785,1.3136152953726785,0
2TANA,1984,82,123.85739609622027,0.6620517028817335,60.5,0.8672892579508797,-1.1068450663222036,123.2,1.6216175334291818,1.6216175334291818,0
2TANA,1985,42,122.93176644836113,0.3416529446653853,20.6,0.8380470045953547,-1.3610549701697663,120.62727272727271,1.5127977664254473,1.5127977664254473,0
2TANA,1986,71,122.01997082821254,0.5818719634014526,14.8,0.8208917434072789,-1.5101897596156904,119.20909090909093,1.4528123118226843,1.4528123118226843,0
2TANA,1987,109,121.12180247886783,0.8999205573993772,33.9,0.750237564317604,-2.124403440567237,113.21818181818183,1.1994122183404916,1.1994122183404916,0
2TANA,1988,120,120.23705773351237,0.9980284137188572,123.0,0.8420019609701924,-1.3266735882856362,105.37272727272729,0.8675696073008377,0.8675696073008377,0
2TANA,1989,150,119.36553596924045,1.2566441291618193,211.1,0.9103525385268297,-0.7324856665359168,101.18181818181819,0.6903048985067695,0.6903048985067695,0
2TANA,1990,100,118.50703956156248,0.8438317282244793,191.8,0.960620630097144,-0.29549312121704874,97.96363636363638,0.5541840592158807,0.5541840592158807,0
2TANA,1991,34,117.661373839592,0.2889648394412959,203.3,1.0895858735358568,0.8256325914852001,97.14545454545454,0.5195770661758231,0.5195770661758231,0
2TANA,1992,136,116.82834704190257,1.164101037492392,133.0,1.1510837795070186,1.360248599823755,98.42727272727274,0.5737946886052457,0.5737946886052457,0
2TANA,1993,154,116.00777027304434,1.3274972843416815,76.1,1.1414581536661839,1.2765707317155204,103.37272727272726,0.7829747354251425,0.7829747354251425,0
2TANA,1994,190,115.1994574607105,1.6493133230666532,44.9,1.11605090517321,1.055699442560585,104.58181818181819,0.8341161806954495,0.8341161806954495,0
2TANA,1995,139,114.40322531354386,1.21500071015519,25.1,1.2073067249088114,1.8490081140393768,101.2,0.6910739427965484,0.6910739427965484,0
2TANA,1996,200,113.61889327957411,1.7602706224912252,11.6,1.2191294538283541,1.951785924809042,99.25454545454546,0.6087862037901919,0.6087862037901919,0
2TANA,1997,142,112.84628350527623,1.2583489290842322,28.9,1.2336700182641673,2.078190529891194,95.64545454545454,0.45613091226905267,0.45613091226905267,0
2TANA,1998,89,112.08522079524084,0.7940386731501978,88.3,1.2284362551408492,2.0326921750221683,92.58181818181818,0.32654694944128515,0.32654694944128515,0
2TANA,1999,80,111.33553257244714,0.7185486802961418,136.3,1.1642818735030636,1.4749827882228097,91.6,0.2850185577932171,0.2850185577932171,0
2TANA,2000,250,110.59704883912973,2.2604581462534368,173.9,1.129820077555223,1.1753981519841088,91.68181818181819,0.2884792570972233,0.2884792570972233,0
2TANA,2001,107,109.86960213823033,0.973881746339447,170.4,1.0954133952584437,0.8762926318985532,91.64545454545454,0.28694116851766477,0.28694116851766477,0
2TANA,2002,49,109.15302751542552,0.4489110482352431,163.6,1.021373023249431,0.2326419658429992,91.73636363636363,0.29078638996656003,0.29078638996656003,0
2TANA,2003,120,108.44716248172202,1.1065296431358924,99.3,1.0108016251475396,0.14074227321864954,89.49090909090908,0.19580942017884895,0.19580942017884895,0
2TANA,2004,67,107.75184697661103,0.6217990863260399,65.3,0.9751790813706286,-0.16893302157607193,81.89999999999999,-0.1252665708038986,-0.1252665708038986,0
2TANA,2005,136,107.06692333177322,1.2702335676404048,45.8,0.9974435386103256,0.024617231385271627,71.77272727272727,-0.5536242402108215,-0.5536242402108215,0
2TANA,2006,89,106.39223623532624,0.83652720489062,24.7,0.836006502935103,-1.3787935392378499,63.309090909090905,-0.9116143571029626,-0.9116143571029626,0
2TANA,2007,100,105.72763269660646,0.9458265303920845,12.6,0.9043787092296369,-0.7844175936954979,55.5,-1.2419188795630582,-1.2419188795630582,0
2TANA,2008,120,105.07296201147716,1.1420635499634277,4.2,0.9438269882629137,-0.44148426711222344,49.17272727272727,-1.5095462924061627,-1.5095462924061627,0
2TANA,2009,42,104.42807572815508,0.4021906916041764,4.8,0.9598463292880431,-0.30222430338134804,50.445454545454545,-1.4557131921216302,-1.4557131921216302,0
2TANA,2010,100,103.79282761354798,0.9634577099328113,24.9,,,,,,0
2TANA,2011,50,103.1670736200949,0.48465075382598616,80.8,,,,,,0
2TANA,2012,177,102.55067185310243,1.7259760155793196,84.5,,,,,,0
2TANA,2013,90,101.94348253856879,0.8828421176012881,94.0,,,,,,0
2TANA,2014,130,101.3453679914891,1.282742394412316,113.3,,,,,,0
3TANA,1909,317,301.3604725335234,1.0518964127411794,73.2,,,53.40909090909091,-1.3303589728876475,-1.3303589728876475,0
3TANA,1910,296,298.39557835581854,0.9919718034395203,30.9,,,54.218181818181826,-1.29613650199248,-1.29613650199248,0
3TANA,1911,337,295.46260750404576,1.1405842615647581,9.5,,,53.26363636363636,-1.33651132720588,-1.33651132720588,0
3TANA,1912,420,292.5612162564136,1.4355969850490824,6.0,,,60.85454545454545,-1.0154353362231323,-1.0154353362231323,0
3TANA,1913,50,289.691064592019,0.1725976604436059,2.4,,,63.74545454545455,-0.8931572941482654,-0.8931572941482654,0
3TANA,1914,385,286.85181615099947,1.3421563968670678,16.1,0.8766805575891968,-0.8019944348366065,66.0,-0.797795802215665,-0.797795802215665,0
3TANA,1915,116,284.0431381951145,0.4083886720062832,79.0,0.8694594686828393,-0.8512983251301901,65.04545454545455,-0.8381706274290645,-0.8381706274290645,0
3TANA,1916,408,281.26470156875104,1.4505908410276303,95.0,0.7962525897391877,-1.3511376118332967,66.19090909090909,-0.7897208371729854,-0.7897208371729854,0
3TANA,1917,205,278.51618066034877,0.7360434123215198,173.6,0.7854565015291388,-1.4248507533844923,67.48181818181818,-0.7351186925986736,-0.7351186925986736,0
3TANA,1918,151,275.79725336424144,0.5475036395687977,134.6,0.7729819999811728,-1.510023704966153,67.81818181818181,-0.7208913732377618,-0.7208913732377618,0
3TANA,1919,100,273.10760104290785,0.36615604845172006,105.7,0.8827735254521986,-0.7603930886995596,70.13636363636364,-0.6228382262909342,-0.6228382262909342,0
3TANA,1920,263,270.4469084896308,0.9724644347712471,62.7,0.8426444301117605,-1.0343850779830328,75.39999999999999,-0.40019990439990394,-0.40019990439990394,0
3TANA,1921,50,267.81486389155634,0.1866961350593521,43.5,0.9113699553008568,-0.5651434167553318,77.89999999999999,-0.2944563145552865,-0.2944563145552865,0
3TANA,1922,271,265.21115879315244,1.0218272912542208,23.7,0.850395064867169,-0.9814655736476326,79.69090909090909,-0.21870545201205124,-0.21870545201205124,0
3TANA,1923,341,262.63548806005997,1.298377468021456,9.7,0.9026750392373676,-0.6245102509358066,75.7,-0.38751067361854935,-0.38751067361854935,0
3TANA,1924,359,260.0875498433335,1.3803044406248877,27.9,1.03710265750609,0.29332979084980876,73.3,-0.48902451986938233,-0.48902451986938233,0
3TANA,1925,232,257.5670455440665,0.9007363481222511,74.0,1.1168195618420933,0.8376179940411703,69.0909090909091,-0.6670582729532288,-0.6670582729532288,0
3TANA,1926,297,255.07367977839849,1.1643694490863425,106.5,1.167206888304008,1.1816507636526947,66.58181818181818,-0.7731863849427361,-0.7731863849427361,0
3TANA,1927,197,252.60716034289769,0.7798670462570633,114.7,1.2522236887829423,1.7621254065053098,64.31818181818181,-0.8689323990202261,-0.8689323990202261,0
3TANA,1928,328,250.1671981803173,1.311123130393705,129.7,1.2775645216571982,1.935146630891616,63.0,-0.924688110029206,-0.924688110029206,0
3TANA,1929,502,247.7535073457202,2.0262074405247437,108.2,1.1980396948509613,1.39216988772772,63.445454545454545,-0.9058465249296196,-0.9058465249296196,0
3TANA,1930,305,245.3658049729683,1.243041996147758,59.4,1.1740395884782866,1.228302827374689,66.38181818181819,-0.781645872130305,-0.781645872130305,0
3TANA,1931,371,243.0038112415728,1.5267250258523095,35.1,1.1773437490938656,1.250862856009631,71.72727272727273,-0.5555468509352686,-0.5555468509352686,0
3TANA,1932,270,240.66724934390146,1.1218809403276284,18.6,1.1812853603657292,1.2777752472359483,79.37272727272727,-0.23216372708318414,-0.23216372708318414,0
3TANA,1933,310,238.35584545273872,1.3005764528710368,9.2,1.2392484057516846,1.673533237180528,85.54545454545455,0.028926809296798493,0.028926809296798493,0
3TANA,1934,100,236.06932868919534,0.42360437315284705,14.6,1.198034923823325,1.3921373122773664,87.2090909090909,0.09929436181157998,0.09929436181157998,0
3TANA,1935,261,233.80743109096343,1.116303270525466,60.2,1.13702721796897,0.9755910994398347,87.64545454545454,0.1177514247662769,0.1177514247662769,0
3TANA,1936,217,231.5698875809133,0.9370821148936197,132.8,1.153341426913491,1.0869806666447337,89.44545454545455,0.19388680945440193,0.19388680945440193,0
3TANA,1937,277,229.3564359360285,1.2077271730768442,190.6,1.1051905733471392,0.7582180059762436,90.87272727272727,0.254256786202056,0.254256786202056,0
3TANA,1938,322,227.16681675667522,1.4174605455025735,182.6,1.1455044066389215,1.033471342378448,91.64545454545454,0.28694116851766477,0.28694116851766477,0
3TANA,1939,193,225.00077343620265,0.8577748291817484,148.0,1.1209273691067223,0.86566513227044,92.27272727272727,0.3134731965150414,0.3134731965150414,0
3TANA,1940,302,222.85805213087065,1.355122676126839,113.0,1.179536770028009,1.2658362852182572,95.97272727272728,0.46997370948507594,0.46997370948507594,0
3TANA,1941,314,220.73840173010117,1.4224982945374889,79.2,1.1989917233421332,1.3986701135099815,104.52727272727272,0.8318090478261114,0.8318090478261114,0
3TANA,1942,218,218.64157382705014,0.9970656366224402,50.8,1.1962126952646215,1.3796955658713563,111.97272727272728,1.1467326844906274,1.1467326844906274,0
3TANA,1943,339,216.56732268949582,1.5653331065372336,27.1,1.172254740246546,1.2161163050164112,112.19090909090909,1.1559612159679753,1.1559612159679753,0
3TANA,1944,221,214.5154052310412,1.0302290400168448,16.1,1.1056056467721447,0.7610520293313963,112.92727272727274,1.187107509704027,1.187107509704027,0
3TANA,1945,227,212.4855809826258,1.0683077832870034,55.3,1.0904273431307268,0.6574181553708754,110.28181818181817,1.075211565541176,1.075211565541176,0
3TANA,1946,280,210.47761206434475,1.3303077569808313,154.3,1.0224796903692628,0.19348762343845632,108.94545454545455,1.0186868102424178,1.0186868102424178,0
3TANA,1947,189,208.491263157571,0.9065128060409892,214.7,0.949386807708543,-0.30557332355710276,105.83636363636364,0.8871802366902027,0.8871802366902027,0
3TANA,1948,195,206.5263014773778,0.9441896678780143,193.0,0.9625671059858104,-0.21558135853268987,103.04545454545455,0.7691319382091205,0.7691319382091205,0
3TANA,1949,140,204.58249674525808,0.68432051728416,190.7,0.9008453118983225,-0.6370031972436723,101.18181818181819,0.6903048985067695,0.6903048985067695,0
3TANA,1950,140,202.6596211621375,0.6908134891261501,118.9,0.9444793878570118,-0.3390800277567186,104.64545454545454,0.8368078357096754,0.8368078357096754,0
3TANA,1951,122,200.75744938167827,0.607698495750734,98.3,0.9603149654869494,-0.23095844217222525,117.86363636363636,1.3959030343790344,1.3959030343790344,0
3TANA,1952,123,198.87575848387016,0.6184765852695714,45.0,0.905487717515348,-0.6053059476725413,128.3181818181818,1.83810350100198,1.83810350100198,0
3TANA,1953,225,197.01432794890604,1.1420489176723827,20.1,0.8569259569402955,-0.9368741843892655,132.5909090909091,2.018828909100054,2.018828909100054,0
3TANA,1954,173,195.17293963133858,0.8863933715748661,6.6,0.8911578434098913,-0.703146945059275,135.5090909090909,2.1422605176095884,2.1422605176095884,0
3TANA,1955,292,193.35137773451535,1.5102038755624279,54.2,0.876240572602941,-0.8049985484508404,132.62727272727273,2.0203669976796115,2.0203669976796115,0
3TANA,1956,238,191.54942878528917,1.2424991372163163,200.7,0.9820044649296347,-0.0828676604476839,128.76363636363638,1.8569450861015673,1.8569450861015673,0
3TANA,1957,138,189.76688160900034,0.7272080292932152,269.3,1.0160933764543436,0.14988337971223012,124.68181818181819,1.6842946430461734,1.6842946430461734,0
3TANA,1958,70,188.003527304729,0.37233343971541133,261.7,1.0267327088556302,0.22252622960820273,124.2181818181818,1.664684013656807,1.664684013656807,0
3TANA,1959,246,186.25915922081336,1.3207404190435696,225.1,1.0128912231089224,0.12801983263598796,123.75454545454545,1.645073384267442,1.645073384267442,0
3TANA,1960,96,184.53357293063158,0.5202305384077052,159.0,0.9957780228319784,0.011174941239659631,125.15454545454546,1.704289794580428,1.704289794580428,0
3TANA,1961,339,182.8265662086448,1.8542163047197824,76.4,0.9188972519693394,-0.5137488121516719,126.3,1.752739584836507,1.752739584836507,0
3TANA,1962,178,181.1379390066976,0.9826765225225315,53.4,0.9110620909714334,-0.5672454417158382,120.13636363636364,1.4920335706014143,1.4920335706014143,0
3TANA,1963,132,179.467493430574,0.7355092416837229,39.9,0.9377809458520514,-0.38481540839435846,109.2909090909091,1.0332986517482194,1.0332986517482194,0
3TANA,1964,176,177.8150337168058,0.9897925744586001,15.0,0.9708498711657886,-0.15902859328399963,99.08181818181819,0.6014802830372911,0.6014802830372911,0
3TANA,1965,123,176.18036620973055,0.6981481685284784,22.0,0.8853595848779321,-0.7427360854591205,92.07272727272726,0.3050137093274719,0.3050137093274719,0
3TANA,1966,116,174.56329933879653,0.6645153960734008,66.8,0.9018577687561841,-0.6300903808396193,86.2,0.056612403728843845,0.056612403728843845,0
3TANA,1967,200,172.96364359611226,1.156312366239349,132.9,0.8037221427868713,-1.3001372670403029,88.12727272727273,0.13813109844542143,0.13813109844542143,0
3TANA,1968,175,171.38121151423752,1.021115432980014,150.0,0.7560330442299253,-1.6257471735159714,88.19090909090909,0.140822753459648,0.140822753459648,0
3TANA,1969,125,169.81581764421367,0.7360916181665205,149.4,0.7435219131051208,-1.7111702232007526,89.03636363636365,0.1765833129343737,0.1765833129343737,0
3TANA,1970,64,168.2672785338304,0.3803472698771479,148.0,0.8571051452074481,-0.935650729204022,89.71818181818183,0.20542247380108777,0.20542247380108777,0
3TANA,1971,117,166.73541270612654,0.7017105610684763,94.4,0.9288709928411113,-0.4456504640859753,89.39090909090909,0.1915796765850645,0.1915796765850645,0
3TANA,1972,128,165.22004063812238,0.7747244190573432,97.6,0.987650095081388,-0.04432063059528431,86.89090909090909,0.08583608674044708,0.08583608674044708,0
3TANA,1973,75,163.72098473978093,0.4580964383961251,54.1,0.9406328949286983,-0.36534297338887217,86.71818181818182,0.07853016598754627,0.07853016598754627,0
3TANA,1974,97,162.23806933319574,0.5978867993108736,49.2,0.9193309764140681,-0.5107874440369924,93.0909090909091,0.3480801895550984,0.3480801895550984,0
3TANA,1975,360,160.7711206320026,2.2392081275841993,22.5,0.957124410615911,-0.2527427976035564,99.4090909090909,0.6153230802533132,0.6153230802533132,0
3TANA,1976,237,159.31996672101351,1.4875724924987752,18.4,0.9900001043473906,-0.02827532211862387,104.03636363636365,0.8110448520020783,0.8110448520020783,0
3TANA,1977,207,157.88443753606913,1.3110855207164436,39.3,0.9695741868378366,-0.1677386647109301,110.2181818181818,1.0725199105269494,1.0725199105269494,0
3TANA,1978,100,156.46436484410881,0.639123164559762,131.0,0.9599168303303809,-0.233676815029287,109.61818181818181,1.0471414489642414,1.0471414489642414,0
3TANA,1979,122,155.0595822234548,0.7867943293190809,220.1,0.9630335644255957,-0.21239649042762557,110.19999999999999,1.0717508662371706,1.0717508662371706,0
3TANA,1980,177,153.669925044309,1.1518193943867938,218.9,0.9705471770167857,-0.16109531747317382,107.60000000000001,0.9617775327987692,0.9617775327987692,0
3TANA,1981,113,152.29523044945964,0.7419799009234235,198.9,0.8450079881968549,-1.0182472613682272,106.9,0.9321693276422762,0.9321693276422762,0
3TANA,1982,72,150.93533733519547,0.4770254684633806,162.4,0.7985719836338929,-1.3353013378841592,108.30909090909091,0.9917702601001515,0.9917702601001515,0
3TANA,1983,100,149.5900863324259,0.6684934974753304,91.0,0.7835849270499208,-1.437629422086161,115.91818181818184,1.3136152953726785,1.3136152953726785,0
3TANA,1984,73,148.25931978800392,0.4923805134434904,60.5,0.8049704647157315,-1.291614019614639,123.2,1.6216175334291818,1.6216175334291818,0
3TANA,1985,100,146.94288174625046,0.6805365378139638,20.6,0.7780671328778319,-1.4753036180490067,120.62727272727271,1.5127977664254473,1.5127977664254473,0
3TANA,1986,125,145.64061793067762,0.8582770505649585,14.8,0.7111979243172734,-1.931870787577401,119.20909090909093,1.4528123118226843,1.4528123118226843,0
3TANA,1987,141,144.3523757259086,0.9767764423061941,33.9,0.6970599735582069,-2.028401377664362,113.21818181818183,1.1994122183404916,1.1994122183404916,0
3TANA,1988,164,143.07800415979221,1.1462278982927503,123.0,0.7705599397171311,-1.5265609606475812,105.37272727272729,0.8675696073008377,0.8675696073008377,0
3TANA,1989,124,141.81735388571042,0.8743640788836795,211.1,0.7868210008795711,-1.4155342739515706,101.18181818181819,0.6903048985067695,0.6903048985067695,0
3TANA,1990,69,140.57027716507565,0.49085767910218564,191.8,0.8413923331824492,-1.0429341002205719,97.96363636363638,0.5541840592158807,0.5541840592158807,0
3TANA,1991,58,139.33662785001735,0.41625810022065046,203.3,0.9499397202629498,-0.30179816716754243,97.14545454545454,0.5195770661758231,0.5195770661758231,0
3TANA,1992,81,138.11626136625424,0.5864624425736926,133.0,0.9729943750979694,-0.14438642671085125,98.42727272727274,0.5737946886052457,0.5737946886052457,0
3TANA,1993,176,136.9090346961515,1.2855250962115456,76.1,0.984771102936919,-0.06397770928351601,103.37272727272726,0.7829747354251425,0.7829747354251425,0
3TANA,1994,115,135.71480636196026,0.8473651702621708,44.9,1.0253975698577351,0.2134102157309954,104.58181818181819,0.8341161806954495,0.8341161806954495,0
3TANA,1995,147,134.53343640923717,1.0926651687751496,25.1,1.0531817298729977,0.40311390101394995,101.2,0.6910739427965484,0.6910739427965484,0
3TANA,1996,250,133.36478639044324,1.8745577956994703,11.6,1.1317089515846377,0.9392792321071503,99.25454545454546,0.6087862037901919,0.6087862037901919,0
3TANA,1997,147,132.2087193487185,1.1118782537501744,28.9,1.1800285957269272,1.2691943549799625,95.64545454545454,0.45613091226905267,0.45613091226905267,0
3TANA,1998,145,131.06509980183176,1.106320448534641,88.3,1.2049282331949895,1.4392032012904568,92.58181818181818,0.32654694944128515,0.32654694944128515,0
3TANA,1999,207,129.9337937263034,1.5931190344217245,136.3,1.2188117169585162,1.533996350806594,91.6,0.2850185577932171,0.2850185577932171,0
3TANA,2000,152,128.81466854169847,1.179989839051569,173.9,1.2088199621319353,1.4657750077102072,91.68181818181819,0.2884792570972233,0.2884792570972233,0
3TANA,2001,173,127.70759309508946,1.3546571179302267,170.4,1.1644712919551856,1.1629727576041713,91.64545454545454,0.28694116851766477,0.28694116851766477,0
3TANA,2002,120,126.6124376456862,0.9477741857858347,163.6,1.1064652346437085,0.7669210923864107,91.73636363636363,0.29078638996656003,0.29078638996656003,0
3TANA,2003,108,125.52907384963119,0.8603584547223784,99.3,1.1338684103148096,0.954023506510444,89.49090909090908,0.19580942017884895,0.19580942017884895,0
3TANA,2004,179,124.4573747449586,1.4382434176103394,65.3,1.107990966687792,0.7773384305876719,81.89999999999999,-0.1252665708038986,-0.1252665708038986,0
3TANA,2005,91,123.39721473671548,0.7374558671697794,45.8,1.0953763744447895,0.6912089728129976,71.77272727272727,-0.5536242402108215,-0.5536242402108215,0
3TANA,2006,74,122.34846958224284,0.6048297968309042,24.7,1.1074854504358447,0.7738868849619568,63.309090909090905,-0.9116143571029626,-0.9116143571029626,0
3TANA,2007,150,121.31101637661537,1.2364911652732216,12.6,1.0992523414328632,0.7176731603669398,55.5,-1.2419188795630582,-1.2419188795630582,0
3TANA,2008,170,120.28473353823799,1.4133131861322845,4.2,1.0666983578435199,0.495402245782989,49.17272727272727,-1.5095462924061627,-1.5095462924061627,0
3TANA,2009,98,119.26950079459733,0.82166856863745,4.8,1.1172695480877919,0.840690393893776,50.445454545454545,-1.4557131921216302,-1.4557131921216302,0
3TANA,2010,172,118.26519916816686,1.4543585197486972,24.9,,,,,,0
3TANA,2011,154,117.27171096246344,1.3131896749531744,80.8,,,,,,0
3TANA,2012,147,116.28891974825437,1.2640929188974313,84.5,,,,,,0
3TANA,2013,68,115.31671034991255,0.5896803663030573,94.0,,,,,,0
3TANA,2014,162,114.35496883191901,1.4166415474093699,113.3,,,,,,0
4TANA,1869,400,515.4945781208773,0.775953845059074,123.6,,,,,,0
4TANA,1870,499,489.8268925620704,1.0187272433939858,232.0,,,,,,0
4TANA,1871,500,465.83107751432175,1.0733504571399657,185.3,,,,,,0
4TANA,1872,510,443.3982353133155,1.1502075547044568,169.2,,,,,,0
4TANA,1873,485,422.42656136875996,1.1481285609230811,110.1,,,,,,0
4TANA,1874,494,402.82088215540455,1.2263515172220376,74.5,1.0017149043930196,-0.006523176705747611,88.93636363636364,0.17235356934058865,0.17235356934058865,0
4TANA,1875,367,384.4922232971169,0.9545056512531861,28.3,1.0237654550779145,0.11544402475531489,82.58181818181818,-0.09642740993718454,-0.09642740993718454,0
4TANA,1876,200,367.3574057839015,0.5444289317462413,18.9,1.0315383557404632,0.1584379143226772,69.71818181818182,-0.6405262449558522,-0.6405262449558522,0
4TANA,1877,400,351.3386684894139,1.1385026354195689,20.7,1.033909688281579,0.1715543574404257,61.872727272727275,-0.9723688559955062,-0.9723688559955062,0
4TANA,1878,70,336.3633152758823,0.20810830676522082,5.7,1.0030891293813262,0.0010780110558096794,56.13636363636363,-1.2150023294207921,-1.2150023294207921,0
4TANA,1879,574,322.3633850849299,1.780599244696397,10.0,0.9731814445870206,-0.16434899658077584,55.74545454545455,-1.2315367816510412,-1.2315367816510412,0
4TANA,1880,315,309.2753435171065,1.01850990259292,53.7,0.9655646905697164,-0.20647919935817316,56.81818181818182,-1.186163168554078,-1.186163168554078,0
4TANA,1881,328,297.0397945004566,1.1042291506820168,90.5,0.987442863748058,-0.08546546170713443,58.1,-1.1319455461246561,-1.1319455461246561,0
4TANA,1882,314,285.6012107396214,1.0994351150922443,99.0,0.9992766555965781,-0.020009750642945894,58.36363636363635,-1.1207944039228606,-1.1207944039228606,0
4TANA,1883,223,274.90768172219873,0.8111814068016739,106.1,0.9418165496407614,-0.33783620401528175,57.5,-1.1573240076873643,-1.1573240076873643,0
4TANA,1884,217,264.91067813876634,0.8191440281857207,105.8,1.0422770178134952,0.2178361841981317,57.92727272727272,-1.1392514668775573,-1.1392514668775573,0
4TANA,1885,292,255.56483164746027,1.14256722303169,86.3,0.9775028580178966,-0.1404461603182217,58.09090909090909,-1.1323300682695456,-1.1323300682695456,0
4TANA,1886,295,246.82772898363692,1.1951655562149446,42.4,0.9745392593984934,-0.15683857767903106,58.618181818181824,-1.1100277838659534,-1.1100277838659534,0
4TANA,1887,161,238.6597194802494,0.6746006420799626,21.8,1.01153328057497,0.047784757953896195,61.45454545454545,-0.9900568746604241,-0.9900568746604241,0
4TANA,1888,117,231.02373512542738,0.5064414699055851,11.2,1.083216620842668,0.4442835360919568,65.36363636363636,-0.8247123523579315,-0.8247123523579315,0
4TANA,1889,294,223.88512234064743,1.313173456665293,10.4,1.1669136137234586,0.9072328809067055,67.53636363636363,-0.7328115597293368,-0.7328115597293368,0
4TANA,1890,232,217.2114847160701,1.0680834869448126,11.8,1.1666772951035682,0.905925742543902,67.60909090909091,-0.7297353825702204,-0.7297353825702204,0
4TANA,1891,208,210.97253598934668,0.985910317779482,59.5,1.1677577889038606,0.9119022284331169,66.07272727272726,-0.7947196250565494,-0.7947196250565494,0
4TANA,1892,310,205.1399626006847,1.5111633836232614,121.7,1.13385875091377,0.7243980316011598,66.2,-0.7893363150280955,-0.7893363150280955,0
4TANA,1893,377,199.6872952004199,1.8879518580369217,142.0,1.1412346445178096,0.7651959742019998,68.25454545454546,-0.7024343102830642,-0.7024343102830642,0
4TANA,1894,337,194.5897885259722,1.7318483284903723,130.0,1.1475401757674704,0.8000734705165576,69.07272727272726,-0.6678273172430084,-0.6678273172430084,0
4TANA,1895,155,189.82430910304302,0.8165445233669244,106.6,1.127469567794693,0.6890578355311406,69.55454545454546,-0.6474476435638633,-0.6474476435638633,0
4TANA,1896,214,185.36923026142048,1.1544526548349068,69.4,1.097837467173711,0.525155154015365,68.89999999999999,-0.6751332379959092,-0.6751332379959092,0
4TANA,1897,149,181.20433398895415,0.8222761383239473,43.8,1.064157575520828,0.33886311128520746,64.26363636363637,-0.8712395318895629,-0.8712395318895629,0
4TANA,1898,134,177.31071917829317,0.7557354717243999,44.4,1.001723282460527,-0.006476835484517007,56.90909090909091,-1.182317947105183,-1.182317947105183,0
4TANA,1899,100,173.6707158499939,0.5758023136518529,20.2,0.9131353032376501,-0.49647946912879076,50.372727272727275,-1.4587893692807463,-1.4587893692807463,0
4TANA,1900,186,170.26780496272502,1.0923967689647438,15.7,0.8272339211290898,-0.9716218511553564,48.14545454545455,-1.552997294778678,-1.552997294778678,0
4TANA,1901,124,167.0865434466528,0.7421303801140071,4.6,0.8503853869137444,-0.8435652084062855,46.64545454545455,-1.6164434486854486,-1.6164434486854486,0
4TANA,1902,101,164.11249411979415,0.6154315095977696,8.5,0.8178475693729648,-1.0235401488878446,49.68181818181818,-1.4880130522923498,-1.4880130522923498,0
4TANA,1903,133,161.33216016928355,0.8243861599599546,40.8,0.7867541818384859,-1.195525579806018,53.054545454545455,-1.3453553365383386,-1.3453553365383386,0
4TANA,1904,145,158.7329239002177,0.9134840865852728,70.1,0.7972538503304787,-1.137449244183502,55.67272727272728,-1.234612958810157,-1.234612958810157,0
4TANA,1905,123,156.30298947410796,0.7869331252962075,105.5,0.815110145600907,-1.038681535670515,56.64545454545455,-1.1934690893069788,-1.1934690893069788,0
4TANA,1906,165,154.03132937707676,1.071210646998127,90.1,0.8094061804760814,-1.0702316168203272,56.08181818181819,-1.2173094622901286,-1.2173094622901286,0
4TANA,1907,121,151.9076343748599,0.7965366618863299,102.8,0.8041573862706334,-1.099264031902916,56.20909090909092,-1.2119261522616755,-1.2119261522616755,0
4TANA,1908,72,149.9222667275015,0.48024887544468026,80.9,0.7809113913164865,-1.2278435395193623,55.654545454545456,-1.2353820030999363,-1.2353820030999363,0
4TANA,1909,129,148.06621645142,0.8712318251363197,73.2,0.8373636086326421,-0.9155919744353289,53.40909090909091,-1.3303589728876475,-1.3303589728876475,0
4TANA,1910,113,146.33106043035468,0.7722215616265667,30.9,0.8444382901927493,-0.8764601122226748,54.218181818181826,-1.29613650199248,-1.29613650199248,0
4TANA,1911,149,144.70892418962987,1.0296531525916606,9.5,0.9467464188660358,-0.3105678440741569,53.26363636363636,-1.33651132720588,-1.33651132720588,0
4TANA,1912,98,143.19244616026086,0.6843936438540793,6.0,1.0046739920356613,0.00984428929582749,60.85454545454545,-1.0154353362231323,-1.0154353362231323,0
4TANA,1913,51,141.77474427072573,0.3597255651021527,2.4,1.0098263132930754,0.03834308797778562,63.74545454545455,-0.8931572941482654,-0.8931572941482654,0
4TANA,1914,203,140.44938471478963,1.445360550437667,16.1,1.0126283940173684,0.05384210880015982,66.0,-0.797795802215665,-0.797795802215665,0
4TANA,1915,138,139.21035275364355,0.9913055837464512,79.0,0.9673150302795043,-0.19679762545737994,65.04545454545455,-0.8381706274290645,-0.8381706274290645,0
4TANA,1916,264,138.05202541985287,1.9123225407023612,95.0,0.9428068262188961,-0.332358732516565,66.19090909090909,-0.7897208371729854,-0.7897208371729854,0
4TANA,1917,234,136.96914599924003,1.7084139518640085,173.6,0.9253452932338014,-0.42894291047412236,67.48181818181818,-0.7351186925986736,-0.7351186925986736,0
4TANA,1918,116,135.9568001748958,0.8532121957178809,134.6,0.964519176814352,-0.21226220172637247,67.81818181818181,-0.7208913732377618,-0.7208913732377618,0
4TANA,1919,69,135.01039372505562,0.5110717634119067,105.7,1.011545525977611,0.047852490388892006,70.13636363636364,-0.6228382262909342,-0.6228382262909342,0
4TANA,1920,50,134.12563167362984,0.37278482401981033,62.7,0.9505106985209705,-0.2897466563591626,75.39999999999999,-0.40019990439990394,-0.40019990439990394,0
4TANA,1921,67,133.29849879876903,0.5026313169598781,43.5,0.9443700280145175,-0.3237122659926492,77.89999999999999,-0.2944563145552865,-0.2944563145552865,0
4TANA,1922,111,132.52524141100807,0.8375762897556202,23.7,0.811987967889889,-1.0559510943005326,79.69090909090909,-0.21870545201205124,-0.21870545201205124,0
4TANA,1923,147,131.80235031829517,1.1153063632401348,9.7,0.704659769459281,-1.6496106444634289,75.7,-0.38751067361854935,-0.38751067361854935,0
4TANA,1924,115,131.12654490059742,0.8770154058980018,27.9,0.7390021532159669,-1.4596541894904411,73.3,-0.48902451986938233,-0.48902451986938233,0
4TANA,1925,101,130.49475822181066,0.7739774484146218,74.0,0.7806767159896844,-1.2291415884103416,69.0909090909091,-0.6670582729532288,-0.6670582729532288,0
4TANA,1926,120,129.9041231114083,0.9237582081754685,106.5,0.8409193901516354,-0.8959240429139788,66.58181818181818,-0.7731863849427361,-0.7731863849427361,0
4TANA,1927,59,129.3519591526653,0.4561198793314473,114.7,0.8982339073265088,-0.5789028781001705,64.31818181818181,-0.8689323990202261,-0.8689323990202261,0
4TANA,1928,68,128.83576051840691,0.5278037691273205,129.7,0.928268183593813,-0.4127756608447361,63.0,-0.924688110029206,-0.924688110029206,0
4TANA,1929,158,128.35318459907887,1.2309784170414255,108.2,0.8988139272269723,-0.5756946405798387,63.445454545454545,-0.9058465249296196,-0.9058465249296196,0
4TANA,1930,124,127.90204137153064,0.9694919539227996,59.4,0.9200547696749543,-0.4582061412186695,66.38181818181819,-0.781645872130305,-0.781645872130305,0
4TANA,1931,132,127.48028346026555,1.0354542398012725,35.1,0.9154805513332644,-0.48350730571021866,71.72727272727273,-0.5555468509352686,-0.5555468509352686,0
4TANA,1932,144,127.08599684605349,1.1330910058834838,18.6,0.895263846135257,-0.5953310415887693,79.37272727272727,-0.23216372708318414,-0.23216372708318414,0
4TANA,1933,148,126.7173921797403,1.1679533286959671,9.2,0.9351197645787995,-0.37487782462901365,85.54545454545455,0.028926809296798493,0.028926809296798493,0
4TANA,1934,100,126.37279666183417,0.7913095432048864,14.6,0.9540688351560761,-0.27006569809188463,87.2090909090909,0.09929436181157998,0.09929436181157998,0
4TANA,1935,140,126.05064645101702,1.1106646728258047,60.2,0.9026566839877784,-0.5544393760420616,87.64545454545454,0.1177514247662769,0.1177514247662769,0
4TANA,1936,91,125.74947956712906,0.7236610466560326,132.8,0.9437512311722988,-0.32713498863558377,89.44545454545455,0.19388680945440193,0.19388680945440193,0
4TANA,1937,88,125.46792925641931,0.7013744509973864,190.6,0.9373744043121377,-0.36240683909636895,90.87272727272727,0.254256786202056,0.254256786202056,0
4TANA,1938,112,125.20471778895183,0.8945349822104146,182.6,1.0123398542053552,0.05224612174821499,91.64545454545454,0.28694116851766477,0.28694116851766477,0
4TANA,1939,92,124.95865066001939,0.7362435454773638,148.0,1.0594513244607484,0.312831640263295,92.27272727272727,0.3134731965150414,0.3134731965150414,0
4TANA,1940,83,124.72861116924936,0.6654447541901505,113.0,1.0668307733916553,0.3536492482808625,95.97272727272728,0.46997370948507594,0.46997370948507594,0
4TANA,1941,177,124.51355535280072,1.421531972952523,79.2,1.0989552534849631,0.5313379142630853,104.52727272727272,0.8318090478261114,0.8318090478261114,0
4TANA,1942,120,124.31250724565368,0.9653091443395012,50.8,1.1296075724456889,0.700883682772739,111.97272727272728,1.1467326844906274,1.1467326844906274,0
4TANA,1943,243,124.12455445249093,1.957710954708877,27.1,1.1653388023734415,0.8985221989860819,112.19090909090909,1.1559612159679753,1.1559612159679753,0
4TANA,1944,209,123.94884400707083,1.686179501505293,16.1,1.2109073786738944,1.1505735788066505,112.92727272727274,1.187107509704027,1.187107509704027,0
4TANA,1945,108,123.78457850130101,0.8724834814448627,55.3,1.3064318693655843,1.6789438207634557,110.28181818181817,1.075211565541176,1.075211565541176,0
4TANA,1946,181,123.63101246644577,1.46403395385219,154.3,1.3235417018869629,1.7735826540479933,108.94545454545455,1.0186868102424178,1.0186868102424178,0
4TANA,1947,131,123.48744899004427,1.0608365552240164,214.7,1.246830928415739,1.3492758648026857,105.83636363636364,0.8871802366902027,0.8871802366902027,0
4TANA,1948,135,123.35323655318666,1.0944179802026643,193.0,1.2471697318175254,1.3511498725475208,103.04545454545455,0.7691319382091205,0.7691319382091205,0
4TANA,1949,172,123.22776607379481,1.395789321515396,190.7,1.2284739702346907,1.2477388624540804,101.18181818181819,0.6903048985067695,0.6903048985067695,0
4TANA,1950,220,123.11046814248967,1.7870129430859536,118.9,1.227899674459942,1.2445622865282462,104.64545454545454,0.8368078357096754,0.8368078357096754,0
4TANA,1951,105,123.00081043850099,0.8536529119253146,98.3,1.2850755581881244,1.56081663450544,117.86363636363636,1.3959030343790344,1.3959030343790344,0
4TANA,1952,71,122.8982953138925,0.5777134647690603,45.0,1.2492164148801927,1.3624705968685824,128.3181818181818,1.83810350100198,1.83810350100198,0
4TANA,1953,119,122.80245753513887,0.9690359817591531,20.1,1.2003073362430912,1.091942049411821,132.5909090909091,2.018828909100054,2.018828909100054,0
4TANA,1954,215,122.71286217180585,1.752057577297694,6.6,1.2286201002875237,1.24854714492503,135.5090909090909,2.1422605176095884,2.1422605176095884,0
4TANA,1955,206,122.62910262275149,1.6798622479830545,54.2,1.1775587518062645,0.9661138458168388,132.62727272727273,2.0203669976796115,2.0203669976796115,0
4TANA,1956,184,122.55079877089128,1.5014182024548695,200.7,1.1341042504652536,0.7257559520305533,128.76363636363638,1.8569450861015673,1.8569450861015673,0
4TANA,1957,131,122.47759525815309,1.0695833774649457,269.3,1.1695989683086425,0.9220862597799088,124.68181818181819,1.6842946430461734,1.6842946430461734,0
4TANA,1958,64,122.40915987279328,0.5228366902158984,261.7,1.2108706327745218,1.1503703278957913,124.2181818181818,1.664684013656807,1.664684013656807,0
4TANA,1959,172,122.34518204175538,1.4058583846914205,225.1,1.1808593186751237,0.9843701202284174,123.75454545454545,1.645073384267442,1.645073384267442,0
4TANA,1960,102,122.28537142122927,0.8341144882215433,159.0,1.0394592625893733,0.20225046373248046,125.15454545454546,1.704289794580428,1.704289794580428,0
4TANA,1961,160,122.22945657901462,1.3090134283348367,76.4,0.9344345299921236,-0.3786680313261389,126.3,1.752739584836507,1.752739584836507,0
4TANA,1962,152,122.17718376270898,1.2440948082025898,53.4,0.8769527310306257,-0.6966144742276271,120.13636363636364,1.4920335706014143,1.4920335706014143,0
4TANA,1963,126,122.12831574813003,1.0317017738937355,39.9,0.8334009274640812,-0.9375105713592103,109.2909090909091,1.0332986517482194,1.0332986517482194,0
4TANA,1964,78,122.08263076274638,0.6389115266657718,15.0,0.8768576074858658,-0.6971406267357075,99.08181818181819,0.6014802830372911,0.6014802830372911,0
4TANA,1965,24,122.03992147923056,0.19665696035443989,22.0,0.793811344974402,-1.1564906164510445,92.07272727272726,0.3050137093274719,0.3050137093274719,0
4TANA,1966,64,121.99999407456764,0.5245901894133089,66.8,0.7597676398727035,-1.3447950038541316,86.2,0.056612403728843845,0.056612403728843845,0
4TANA,1967,106,121.96266735044858,0.8691184138783935,132.9,0.685545734845533,-1.7553352290229292,88.12727272727273,0.13813109844542143,0.13813109844542143,0
4TANA,1968,72,121.92777191095729,0.5905135382329543,150.0,0.6538119416604332,-1.930862906396634,88.19090909090909,0.140822753459648,0.140822753459648,0
4TANA,1969,122,121.89514939381897,1.0008601704555304,149.4,0.6921721589578875,-1.7186827927084192,89.03636363636365,0.1765833129343737,0.1765833129343737,0
4TANA,1970,60,121.86465175172148,0.4923494970653164,148.0,0.7685044737075639,-1.296469354862598,89.71818181818183,0.20542247380108777,0.20542247380108777,0
4TANA,1971,56,121.8361405804479,0.4596337321028601,94.4,0.8297954145109844,-0.957453580085159,89.39090909090909,0.1915796765850645,0.1915796765850645,0
4TANA,1972,60,121.80948649077129,0.49257247303596347,97.6,0.8418648144473583,-0.8906946607914904,86.89090909090909,0.08583608674044708,0.08583608674044708,0
4TANA,1973,109,121.7845685212613,0.8950230831664904,54.1,0.8076801662706632,-1.079778640172497,86.71818181818182,0.07853016598754627,0.07853016598754627,0
4TANA,1974,177,121.76127358933779,1.4536641641657342,49.2,0.7808964645940761,-1.227926103015639,93.0909090909091,0.3480801895550984,0.3480801895550984,0
4TANA,1975,180,121.73949597808,1.4785669889122113,22.5,0.7721121331880958,-1.2765144731477225,99.4090909090909,0.6153230802533132,0.6153230802533132,0
4TANA,1976,106,121.7191368564628,0.8708573091920658,18.4,0.7871442020038028,-1.1933682791219282,104.03636363636365,0.8110448520020783,0.8110448520020783,0
4TANA,1977,80,121.70010383084225,0.6573535887134201,39.3,0.8051571128068621,-1.093734290283642,110.2181818181818,1.0725199105269494,1.0725199105269494,0
4TANA,1978,60,121.68231052565534,0.4930872839347481,131.0,0.8186867392189737,-1.018898487138402,109.61818181818181,1.0471414489642414,1.0471414489642414,0
4TANA,1979,36,121.66567619143089,0.2958928197904968,220.1,0.7889070303217985,-1.1836176275543218,110.19999999999999,1.0717508662371706,1.0717508662371706,0
4TANA,1980,110,121.65012533833283,0.9042325249897479,218.9,0.773395670453347,-1.2694149022367378,107.60000000000001,0.9617775327987692,0.9617775327987692,0
4TANA,1981,80,121.63558739357264,0.6577022540380916,198.9,0.8042344969233072,-1.0988375132801453,106.9,0.9321693276422762,0.9321693276422762,0
4TANA,1982,80,121.62199638113636,0.6577757509365144,162.4,0.9247323583448054,-0.43233320916357443,108.30909090909091,0.9917702601001515,0.9917702601001515,0
4TANA,1983,78,121.60929062237267,0.641398363569191,91.0,1.034739703738304,0.1761453839355376,115.91818181818184,1.3136152953726785,1.3136152953726785,0
4TANA,1984,69,121.59741245608315,0.567446285297563,60.5,1.1387503413438893,0.7514546617951644,123.2,1.6216175334291818,1.6216175334291818,0
4TANA,1985,156,121.58630797684458,1.2830392056127677,20.6,1.167948907876206,0.9129593560548341,120.62727272727271,1.5127977664254473,1.5127977664254473,0
4TANA,1986,221,121.57592679037572,1.817794080081773,14.8,1.1111785564806043,0.5989481105023214,119.20909090909093,1.4528123118226843,1.4528123118226843,0
4TANA,1987,267,121.5662217848382,2.196333784828545,33.9,1.1314299119767743,0.7109635059887014,113.21818181818183,1.1994122183404916,1.1994122183404916,0
4TANA,1988,227,121.55714891703398,1.8674343880419044,123.0,1.2354660919249822,1.2864140650386688,105.37272727272729,0.8675696073008377,0.8675696073008377,0
4TANA,1989,199,121.54866701252865,1.6372042975961887,211.1,1.3327697774238,1.8246254857751092,101.18181818181819,0.6903048985067695,0.6903048985067695,0
4TANA,1990,75,121.54073757879392,0.6170770516459807,191.8,1.3829352108996789,2.102103251231795,97.96363636363638,0.5541840592158807,0.5541840592158807,0
4TANA,1991,34,121.53332463052104,0.27975865963812757,203.3,1.429403992868569,2.3591338974519944,97.14545454545454,0.5195770661758231,0.5195770661758231,0
4TANA,1992,107,121.52639452631249,0.8804671644959624,133.0,1.3906017960774406,2.1445090828256066,98.42727272727274,0.5737946886052457,0.5737946886052457,0
4TANA,1993,219,121.51991581601082,1.8021737303668022,76.1,1.2956920563079404,1.6195391844995135,103.37272727272726,0.7829747354251425,0.7829747354251425,0
4TANA,1994,208,121.51385909797169,1.711738904056187,44.9,1.333201816158646,1.8270152018490955,104.58181818181819,0.8341161806954495,0.8341161806954495,0
4TANA,1995,136,121.50819688563351,1.1192660535322283,25.1,1.3407630220419937,1.868838153776304,101.2,0.6910739427965484,0.6910739427965484,0
4TANA,1996,218,121.50290348277814,1.7941958072705595,11.6,1.307115274744145,1.6827239096454802,99.25454545454546,0.6087862037901919,0.6087862037901919,0
4TANA,1997,169,121.49795486691639,1.39096991537936,28.9,1.3183523412458162,1.7448789811185725,95.64545454545454,0.45613091226905267,0.45613091226905267,0
4TANA,1998,140,121.49332858026935,1.1523266473640443,88.3,1.2794708269276724,1.5298154410864055,92.58181818181818,0.32654694944128515,0.32654694944128515,0
4TANA,1999,277,121.48900362785065,2.2800417463996663,136.3,1.2428648566222524,1.3273385134703861,91.6,0.2850185577932171,0.2850185577932171,0
4TANA,2000,209,121.48496038218708,1.7203775623130133,173.9,1.129163626856288,0.6984281068592854,91.68181818181819,0.2884792570972233,0.2884792570972233,0
4TANA,2001,30,121.48118049424535,0.24695183136964266,170.4,1.094022833495899,0.504055445398992,91.64545454545454,0.28694116851766477,0.28694116851766477,0
4TANA,2002,49,121.47764681016064,0.40336639115651307,163.6,1.0147405235477964,0.0655248341720049,91.73636363636363,0.29078638996656003,0.29078638996656003,0
4TANA,2003,55,121.47434329338894,0.45277050699637983,99.3,0.9855891025209244,-0.0957190863118659,89.49090909090908,0.19580942017884895,0.19580942017884895,0
4TANA,2004,170,121.47125495193022,1.399508057007183,65.3,0.9257408220247837,-0.42675514018109156,81.89999999999999,-0.1252665708038986,-0.1252665708038986,0
4TANA,2005,56,121.46836777029172,0.4610253766305755,45.8,0.7783435659568428,-1.2420468343681852,71.77272727272727,-0.5536242402108215,-0.5536242402108215,0
4TANA,2006,89,121.46566864588304,0.7327173265679509,24.7,0.7432030442876626,-1.4364179930353351,63.309090909090905,-0.9116143571029626,-0.9116143571029626,0
4TANA,2007,112,121.4631453295539,0.9220903978414318,12.6,0.8322814357292384,-0.9437027647383581,55.5,-1.2419188795630582,-1.2419188795630582,0
4TANA,2008,130,121.46078637000522,1.0703042840837687,4.2,0.8614818928051989,-0.782187613401186,49.17272727272727,-1.5095462924061627,-1.5095462924061627,0
4TANA,2009,60,121.45858106182094,0.4939955619064966,4.8,0.9108935393776944,-0.5088792349324927,50.445454545454545,-1.4557131921216302,-1.4557131921216302,0
4TANA,2010,80,121.45651939688459,0.6586719296523167,24.9,,,,,,0
4TANA,2011,162,121.45459201896071,1.3338318239520297,80.8,,,,,,0
4TANA,2012,149,121.45279018123435,1.2268141372269763,84.5,,,,,,0
4TANA,2013,88,121.45110570661629,0.7245714189920794,94.0,,,,,,0
4TANA,2014,121,121.44953095063391,0.9962986192938313,113.3,,,,,,0
5TANA,1893,433,285.88856120944115,1.5145761627125243,142.0,,,68.25454545454546,-0.7024343102830642,-0.7024343102830642,0
5TANA,1894,408,281.90351611708866,1.4473036931917413,130.0,,,69.07272727272726,-0.6678273172430084,-0.6678273172430084,0
5TANA,1895,372,277.9795681332083,1.3382278506949004,106.6,,,69.55454545454546,-0.6474476435638633,-0.6474476435638633,0
5TANA,1896,296,274.1157805415078,1.0798356789793735,69.4,,,68.89999999999999,-0.6751332379959092,-0.6751332379959092,0
5TANA,1897,379,270.3112309870521,1.4020875071156553,43.8,,,64.26363636363637,-0.8712395318895629,-0.8712395318895629,0
5TANA,1898,379,266.56501125608133,1.4217919981850342,44.4,0.9344377897979914,-0.11278621921067268,56.90909090909091,-1.182317947105183,-1.182317947105183,0
5TANA,1899,90,262.8762270592034,0.34236644753628004,20.2,0.811575403177665,-0.4865095556846495,50.372727272727275,-1.4587893692807463,-1.4587893692807463,0
5TANA,1900,246,259.2439978179117,0.9489130011518568,15.7,0.7108188169053746,-0.7929913735071493,48.14545454545455,-1.552997294778678,-1.552997294778678,0
5TANA,1901,61,255.6674564543749,0.23859117951871886,4.6,0.6291694053062057,-1.0413529051634955,46.64545454545455,-1.6164434486854486,-1.6164434486854486,0
5TANA,1902,32,252.14574918445035,0.12691072565570508,8.5,0.5646109297923189,-1.2377271538689307,49.68181818181818,-1.4880130522923498,-1.4880130522923498,0
5TANA,1903,104,248.67803531387042,0.4182114430361161,40.8,0.4962869067041456,-1.4455554613943578,53.054545454545455,-1.3453553365383386,-1.3453553365383386,0
5TANA,1904,40,245.26348703755383,0.16308990988893243,70.1,0.4424729784699165,-1.6092468999354026,55.67272727272728,-1.234612958810157,-1.234612958810157,0
5TANA,1905,82,241.90128924199382,0.33898124419654757,105.5,0.4757525207090309,-1.5080170451030788,56.64545454545455,-1.1934690893069788,-1.1934690893069788,0
5TANA,1906,105,238.59063931067612,0.44008432310404394,90.1,0.5241476656550298,-1.360808484892934,56.08181818181819,-1.2173094622901286,-1.2173094622901286,0
5TANA,1907,87,235.33074693248003,0.3696924483266168,102.8,0.6472397681951384,-0.9863863975453683,56.20909090909092,-1.2119261522616755,-1.2119261522616755,0
5TANA,1908,151,232.12083391301695,0.6505232531457494,80.9,0.6566690755706158,-0.9577042897828686,55.654545454545456,-1.2353820030999363,-1.2353820030999363,0
5TANA,1909,190,228.9601339888618,0.829838787608514,73.2,0.7712497651253055,-0.6091722550911124,53.40909090909091,-1.3303589728876475,-1.3303589728876475,0
5TANA,1910,160,225.847892644632,0.708441412166539,30.9,0.88568541935844,-0.26108138946475684,54.218181818181826,-1.29613650199248,-1.29613650199248,0
5TANA,1911,330,222.78336693287142,1.4812595955578445,9.5,1.0435429279425592,0.21909025963265918,53.26363636363636,-1.33651132720588,-1.33651132720588,0
5TANA,1912,350,219.7658252966954,1.5926043074599139,6.0,1.0956139071476314,0.37747998831441626,60.85454545454545,-1.0154353362231323,-1.0154353362231323,0
5TANA,1913,50,216.79454739515526,0.23063310678595672,2.4,1.1355915186723406,0.4990840591310177,63.74545454545455,-0.8931572941482654,-0.8931572941482654,0
5TANA,1914,359,213.86882393128002,1.6785990281377023,16.1,1.223345073089346,0.7660131986855006,66.0,-0.797795802215665,-0.797795802215665,0
5TANA,1915,300,210.98795648275444,1.4218821064534133,79.0,1.2400897607145678,0.8169472615801984,65.04545454545455,-0.8381706274290645,-0.8381706274290645,0
5TANA,1916,432,208.1512573351934,2.0754138386218584,95.0,1.306952917205402,1.0203318988016448,66.19090909090909,-0.7897208371729854,-0.7897208371729854,0
5TANA,1917,208,205.35804931797216,1.0128650943598374,173.6,1.3289989782468952,1.087391702173336,67.48181818181818,-0.7351186925986736,-0.7351186925986736,0
5TANA,1918,164,202.60766564257352,0.8094461750984165,134.6,1.3099226466512486,1.0293652346130069,67.81818181818181,-0.7208913732377618,-0.7208913732377618,0
5TANA,1919,323,199.8994497434136,1.615812351732811,105.7,1.3983569647501846,1.2983651240654843,70.13636363636364,-0.6228382262909342,-0.6228382262909342,0
5TANA,1920,200,197.23275512110817,1.0140303514859519,62.7,1.32705779601468,1.0814870057037056,75.39999999999999,-0.40019990439990394,-0.40019990439990394,0
5TANA,1921,281,194.6069451881413,1.4439361335657162,43.5,1.3605707367867543,1.1834268131982335,77.89999999999999,-0.2944563145552865,-0.2944563145552865,0
5TANA,1922,331,192.0213931169009,1.7237662670142706,23.7,1.272582910491405,0.9157850644357979,79.69090909090909,-0.21870545201205124,-0.21870545201205124,0
5TANA,1923,262,189.47548169004367,1.382764659907801,9.7,1.351228368639311,1.1550091575537915,75.7,-0.38751067361854935,-0.38751067361854935,0
5TANA,1924,225,186.9686031531544,1.2034106058742515,27.9,1.3649155404353843,1.1966428556385296,73.3,-0.48902451986938233,-0.48902451986938233,0
5TANA,1925,165,184.50015906966408,0.8943081720471517,74.0,1.3006613682907167,1.0011942382314372,69.0909090909091,-0.6670582729532288,-0.6670582729532288,0
5TANA,1926,326,182.06956017799249,1.790524454946231,106.5,1.2964717840563047,0.9884503428734402,66.58181818181818,-0.7731863849427361,-0.7731863849427361,0
5TANA,1927,199,179.67622625088094,1.107547749373016,114.7,1.286237712586478,0.9573203002246997,64.31818181818181,-0.8689323990202261,-0.8689323990202261,0
5TANA,1928,333,177.3195859568817,1.8779651339868044,129.7,1.295400816534023,0.9851926692542612,63.0,-0.924688110029206,-0.924688110029206,0
5TANA,1929,168,174.99907672397097,0.9600050648552235,108.2,1.2312551253459696,0.7900740296879466,63.445454545454545,-0.9058465249296196,-0.9058465249296196,0
5TANA,1930,157,172.71414460525293,0.909016458141466,59.4,1.267372226805696,0.8999351843715964,66.38181818181819,-0.781645872130305,-0.781645872130305,0
5TANA,1931,165,170.46424414672282,0.9679449249074216,35.1,1.2543721006967898,0.8603913448154221,71.72727272727273,-0.5555468509352686,-0.5555468509352686,0
5TANA,1932,224,168.2488382570572,1.3313613473976205,18.6,1.1290744984197436,0.47926055887462515,79.37272727272727,-0.23216372708318414,-0.23216372708318414,0
5TANA,1933,303,166.0673980794008,1.824560410437264,9.2,1.1633049222035026,0.5833828092824496,85.54545454545455,0.028926809296798493,0.028926809296798493,0
5TANA,1934,111,163.919402865119,0.6771620568392157,14.6,1.1168192891879607,0.44198261068172506,87.2090909090909,0.09929436181157998,0.09929436181157998,0
5TANA,1935,259,161.80433984948567,1.6006987219312416,60.2,1.1805562831385301,0.6358580732318533,87.64545454545454,0.1177514247662769,0.1177514247662769,0
5TANA,1936,120,159.72170412927733,0.7513067848491841,132.8,1.230235642553931,0.7869729625428333,89.44545454545455,0.19388680945440193,0.19388680945440193,0
5TANA,1937,65,157.67099854224355,0.4122508298987214,190.6,1.2688793418496451,0.9045195333995488,90.87272727272727,0.254256786202056,0.254256786202056,0
5TANA,1938,231,155.65173354842563,1.484082410994365,182.6,1.2592955874036336,0.8753676278730922,91.64545454545454,0.28694116851766477,0.28694116851766477,0
5TANA,1939,210,153.6634271132945,1.366623170815845,148.0,1.198731497184677,0.6911435175513188,92.27272727272727,0.3134731965150414,0.3134731965150414,0
5TANA,1940,252,151.70560459268071,1.661111998311486,113.0,1.1876204333616258,0.6573458357875902,95.97272727272728,0.46997370948507594,0.46997370948507594,0
5TANA,1941,218,149.7777986194683,1.455489411710876,79.2,1.1177666271491078,0.4448642273696901,104.52727272727272,0.8318090478261114,0.8318090478261114,0
5TANA,1942,206,147.87954899202586,1.3930256171602753,50.8,1.0828653500391752,0.338701372426671,111.97272727272728,1.1467326844906274,1.1467326844906274,0
5TANA,1943,179,146.01040256434837,1.2259400484914953,27.1,1.1475137949555896,0.5353492904479814,112.19090909090909,1.1559612159679753,1.1559612159679753,0
5TANA,1944,167,144.16991313788301,1.1583554180287428,16.1,1.073032184867657,0.30879080828179767,112.92727272727274,1.187107509704027,1.187107509704027,0
5TANA,1945,79,142.35764135501384,0.5549403547856521,55.3,1.0065873186301537,0.10667852815343351,110.28181818181817,1.075211565541176,1.075211565541176,0
5TANA,1946,117,140.57315459417902,0.8323068535935442,154.3,0.9443845804423144,-0.08253002861352912,108.94545454545455,1.0186868102424178,1.0186868102424178,0
5TANA,1947,51,138.81602686659653,0.36739273663992317,214.7,0.8364628841696496,-0.4108067088768664,105.83636363636364,0.8871802366902027,0.8871802366902027,0
5TANA,1948,154,137.08583871457307,1.1233837239792797,193.0,0.789566064699189,-0.5534576562060852,103.04545454545455,0.7691319382091205,0.7691319382091205,0
5TANA,1949,90,135.38217711137193,0.6647847000271065,190.7,0.7788510247386814,-0.5860507108800728,101.18181818181819,0.6903048985067695,0.6903048985067695,0
5TANA,1950,85,133.70463536261613,0.6357296422033102,118.9,0.8232591304749156,-0.45096994370011234,104.64545454545454,0.8368078357096754,0.8368078357096754,0
5TANA,1951,129,132.05281300920345,0.9768818782452542,98.3,0.919973819414485,-0.15678278658233824,117.86363636363636,1.3959030343790344,1.3959030343790344,0
5TANA,1952,35,130.42631573170945,0.26835075271156145,45.0,0.9413995617337871,-0.09160987136992485,128.3181818181818,1.83810350100198,1.83810350100198,0
5TANA,1953,113,128.82475525625648,0.8771606029852097,20.1,0.9725184760369334,0.00304777610650415,132.5909090909091,2.018828909100054,2.018828909100054,0
5TANA,1954,141,127.24774926182589,1.1080746089259101,6.6,0.94101315084655,-0.09278525767000048,135.5090909090909,2.1422605176095884,2.1422605176095884,0
5TANA,1955,207,125.69492128899104,1.6468445811273207,54.2,0.9482139099506527,-0.07088195763199358,132.62727272727273,2.0203669976796115,2.0203669976796115,0
5TANA,1956,201,124.1659006500498,1.6188019331209142,200.7,1.008660525402301,0.11298481743691956,128.76363636363638,1.8569450861015673,1.8569450861015673,0
5TANA,1957,131,122.66032234053488,1.0679900191058698,269.3,1.026136523324149,0.16614338313976795,124.68181818181819,1.6842946430461734,1.6842946430461734,0
5TANA,1958,86,121.17782695208054,0.709700793974532,261.7,1.0312208792502229,0.1816089988809421,124.2181818181818,1.664684013656807,1.664684013656807,0
5TANA,1959,93,119.71806058662564,0.7768251468850602,225.1,1.019208396426639,0.14506937692129998,123.75454545454545,1.645073384267442,1.645073384267442,0
5TANA,1960,88,118.28067477193167,0.7439930501722386,159.0,0.9551912341328147,-0.04965830290130525,125.15454545454546,1.704289794580428,1.704289794580428,0
5TANA,1961,152,116.86532637839646,1.3006424121714384,76.4,0.9012522615379205,-0.21373010191686556,126.3,1.752739584836507,1.752739584836507,0
5TANA,1962,135,115.47167753714275,1.1691178553855837,53.4,0.8317832008250975,-0.425041389817684,120.13636363636364,1.4920335706014143,1.4920335706014143,0
5TANA,1963,37,114.09939555936306,0.32427866789837484,39.9,0.7592067494610352,-0.645804751976981,109.2909090909091,1.0332986517482194,1.0332986517482194,0
5TANA,1964,84,112.7481528569009,0.7450232919257858,15.0,0.7314638757648009,-0.7301931446033821,99.08181818181819,0.6014802830372911,0.6014802830372911,0
5TANA,1965,45,111.4176268640496,0.40388582369384374,22.0,0.682475079738738,-0.8792074752241937,92.07272727272726,0.3050137093274719,0.3050137093274719,0
5TANA,1966,116,110.10749996055019,1.0535158825834843,66.8,0.648103445526644,-0.9837592601207578,86.2,0.056612403728843845,0.056612403728843845,0
5TANA,1967,93,108.81745939576975,0.8546422652798614,132.9,0.5590864903067669,-1.2545314176756333,88.12727272727273,0.13813109844542143,0.13813109844542143,0
5TANA,1968,29,107.54719721404227,0.2696490541011841,150.0,0.4966979329517263,-1.444305199985234,88.19090909090909,0.140822753459648,0.140822753459648,0
5TANA,1969,43,106.29641018115413,0.40452918331595455,149.4,0.5306487054096207,-1.3410335941841633,89.03636363636365,0.1765833129343737,0.1765833129343737,0
5TANA,1970,25,105.06479971195671,0.23794839059836823,148.0,0.531661892822369,-1.3379516763508736,89.71818181818183,0.20542247380108777,0.20542247380108777,0
5TANA,1971,38,103.8520717990888,0.3659050738392049,94.4,0.5403709491088513,-1.311460431451148,89.39090909090909,0.1915796765850645,0.1915796765850645,0
5TANA,1972,33,102.65793694279176,0.32145590475279007,97.6,0.4858524636851662,-1.4772949950837955,86.89090909090909,0.08583608674044708,0.08583608674044708,0
5TANA,1973,49,101.48211008180085,0.4828437244801371,54.1,0.4271231994328263,-1.6559379238824385,86.71818181818182,0.07853016598754627,0.07853016598754627,0
5TANA,1974,70,100.324310525296,0.6977371649352132,49.2,0.42658452754339166,-1.6575764583543953,93.0909090909091,0.3480801895550984,0.3480801895550984,0
5TANA,1975,75,99.18426188589582,0.7561683534660163,22.5,0.4286007906195975,-1.6514433806503332,99.4090909090909,0.6153230802533132,0.6153230802533132,0
5TANA,1976,49,98.06169201367914,0.4996854428451503,18.4,0.43835029261280045,-1.6217873035213817,104.03636363636365,0.8110448520020783,0.8110448520020783,0
5TANA,1977,44,96.95633293121787,0.45381254292294854,39.3,0.4249183230326026,-1.6626447264073703,110.2181818181818,1.0725199105269494,1.0725199105269494,0
5TANA,1978,20,95.86792076960607,0.2086203585041222,131.0,0.4207606760088666,-1.6752914750204617,109.61818181818181,1.0471414489642414,1.0471414489642414,0
5TANA,1979,25,94.79619570546981,0.2637236633174034,220.1,0.39714011073028854,-1.7471406121578572,110.19999999999999,1.0717508662371706,1.0717508662371706,0
5TANA,1980,40,93.74090189894252,0.42670807715421855,218.9,0.3552319301743748,-1.8746170961635715,107.60000000000001,0.9617775327987692,0.9617775327987692,0
5TANA,1981,32,92.70178743259162,0.34519291252360046,198.9,0.3600535117756429,-1.8599507884946849,106.9,0.9321693276422762,0.9321693276422762,0
5TANA,1982,20,91.67860425128121,0.21815340845702827,162.4,0.4759304497843333,-1.5074758196759412,108.30909090909091,0.9917702601001515,0.9917702601001515,0
5TANA,1983,25,90.67110810295706,0.2757217874916946,91.0,0.5553777544471427,-1.2658126663774238,115.91818181818184,1.3136152953726785,1.3136152953726785,0
5TANA,1984,20,89.6790584803391,0.2230175064157785,60.5,0.6541391789523986,-0.965399740205919,123.2,1.6216175334291818,1.6216175334291818,0
5TANA,1985,21,88.7022185635082,0.23674717882016236,20.6,0.738340308462525,-0.7092763820243372,120.62727272727271,1.5127977664254473,1.5127977664254473,0
5TANA,1986,71,87.74035516337294,0.8092057510799641,14.8,0.7214155387864724,-0.7607582192764024,119.20909090909093,1.4528123118226843,1.4528123118226843,0
5TANA,1987,154,86.79323866600329,1.7743317609407452,33.9,0.7729089658605107,-0.6041252911528555,113.21818181818183,1.1994122183404916,1.1994122183404916,0
5TANA,1988,114,85.86064297781759,1.327732894213852,123.0,0.8915491567434931,-0.2432450478468684,105.37272727272729,0.8675696073008377,0.8675696073008377,0
5TANA,1989,110,84.94234547161007,1.2949960280619381,211.1,0.9951320332500475,0.07183379177577805,101.18181818181819,0.6903048985067695,0.6903048985067695,0
5TANA,1990,100,84.03812693340572,1.1899360879287915,191.8,1.103716557107302,0.4021266638390137,97.96363636363638,0.5541840592158807,0.5541840592158807,0
5TANA,1991,20,83.14777151013004,0.24053561071764099,203.3,1.316102035739943,1.0481617269417318,97.14545454545454,0.5195770661758231,0.5195770661758231,0
5TANA,1992,75,82.27106665808104,0.9116206103380229,133.0,1.452099483470381,1.4618393488393675,98.42727272727274,0.5737946886052457,0.5737946886052457,0
5TANA,1993,124,81.40780309219123,1.5231955081698338,76.1,1.4284200135053586,1.3898110351731945,103.37272727272726,0.7829747354251425,0.7829747354251425,0
5TANA,1994,114,80.55777473606766,1.415133429063793,44.9,1.4396257680124718,1.423896747467292,104.58181818181819,0.8341161806954495,0.8341161806954495,0
5TANA,1995,113,79.72077867279772,1.4174472688455788,25.1,1.4059356624503514,1.3214180393518085,101.2,0.6910739427965484,0.6910739427965484,0
5TANA,1996,203,78.8966150965093,2.572987443779214,11.6,1.3462694025825521,1.1399249532568312,99.25454545454546,0.6087862037901919,0.6087862037901919,0
5TANA,1997,180,78.08508726467352,2.305177676114781,28.9,1.4089288910282645,1.3305228549242407,95.64545454545454,0.45613091226905267,0.45613091226905267,0
5TANA,1998,117,77.28600145113887,1.5138575913254975,88.3,1.405244872863551,1.319316792613225,92.58181818181818,0.32654694944128515,0.32654694944128515,0
5TANA,1999,111,76.49916689988522,1.4509961937920992,136.3,1.3842482985287288,1.2554493224233254,91.6,0.2850185577932171,0.2850185577932171,0
5TANA,2000,70,75.72439577948705,0.9244048668786112,173.9,1.3376418922702409,1.1136817552523481,91.68181818181819,0.2884792570972233,0.2884792570972233,0
5TANA,2001,40,74.9615031382747,0.5336072293830024,170.4,1.3107577464698037,1.0319054448357148,91.64545454545454,0.28694116851766477,0.28694116851766477,0
5TANA,2002,69,74.2103068601831,0.9297899836204742,163.6,1.205573203770047,0.7119546500923293,91.73636363636363,0.29078638996656003,0.29078638996656003,0
5TANA,2003,64,73.47062762127746,0.8710964105261745,99.3,1.1532917353175645,0.5529246543117634,89.49090909090908,0.19580942017884895,0.19580942017884895,0
5TANA,2004,94,72.7422888469454,1.2922331904867914,65.3,1.1101674450746606,0.4217490026255063,81.89999999999999,-0.1252665708038986,-0.1252665708038986,0
5TANA,2005,65,72.02511666974553,0.9024629602204246,45.8,1.0842738134063714,0.3429856423596373,71.77272727272727,-0.5536242402108215,-0.5536242402108215,0
5TANA,2006,80,71.31893988790206,1.1217216650407689,24.7,1.1915621027763423,0.6693356227799061,63.309090909090905,-0.9116143571029626,-0.9116143571029626,0
5TANA,2007,100,70.62358992443602,1.415957474081895,12.6,1.3794306405874304,1.2407949497602233,55.5,-1.2419188795630582,-1.2419188795630582,0
5TANA,2008,121,69.93890078692289,1.7300815231374709,4.2,1.3903544326189154,1.2740229873822684,49.17272727272727,-1.5095462924061627,-1.5095462924061627,0
5TANA,2009,72,69.26470902786716,1.0394903986535533,4.8,1.4350450820857974,1.4099631972983022,50.445454545454545,-1.4557131921216302,-1.4557131921216302,0
5TANA,2010,80,68.60085370568466,1.1661662454409185,24.9,,,,,,0
5TANA,2011,143,67.94717634628282,2.1045760499482933,80.8,,,,,,0
5TANA,2012,175,67.3035209052301,2.6001611453049684,84.5,,,,,,0
5TANA,2013,70,66.66973373050543,1.049951695966813,94.0,,,,,,0
5TANA,2014,90,66.04566352581875,1.3626935546618735,113.3,,,,,,0
6TANA,1872,775,563.3374953960057,1.3757294807000255,169.2,,,,,,0
6TANA,1873,601,527.321637677164,1.1397218643395461,110.1,,,,,,0
6TANA,1874,438,494.19807690868805,0.8862843067698306,74.5,,,88.93636363636364,0.17235356934058865,0.17235356934058865,0
6TANA,1875,200,463.7345436909595,0.431281220519305,28.3,,,82.58181818181818,-0.09642740993718454,-0.09642740993718454,0
6TANA,1876,348,435.71742129900764,0.798682776930298,18.9,,,69.71818181818182,-0.6405262449558522,-0.6405262449558522,0
6TANA,1877,314,409.9502477569445,0.765946603808781,20.7,0.9775240978171129,-0.15752790202818895,61.872727272727275,-0.9723688559955062,-0.9723688559955062,0
6TANA,1878,300,386.2523382051227,0.7766943273251652,5.7,0.9615124565083633,-0.2284977008546511,56.13636363636363,-1.2150023294207921,-1.2150023294207921,0
6TANA,1879,336,364.4575178997614,0.9219181482007782,10.0,0.9318429548933218,-0.3600044290093873,55.74545454545455,-1.2315367816510412,-1.2315367816510412,0
6TANA,1880,470,344.4129569605678,1.3646408780544537,53.7,0.9603347642447776,-0.23371768932519485,56.81818181818182,-1.186163168554078,-1.186163168554078,0
6TANA,1881,303,325.9780986953583,0.9295102990436409,90.5,1.0081778695069294,-0.021658507495239405,58.1,-1.1319455461246561,-1.1319455461246561,0
6TANA,1882,421,309.02367398686505,1.362355170296417,99.0,1.0727121711052732,0.2643825243718639,58.36363636363635,-1.1207944039228606,-1.1207944039228606,0
6TANA,1883,352,293.43079483040026,1.19960142630378,106.1,1.0613768946137185,0.2141401865168212,57.5,-1.1573240076873643,-1.1573240076873643,0
6TANA,1884,227,279.0901206660735,0.8133573465740894,105.8,1.0825258134491542,0.30788039004785156,57.92727272727272,-1.1392514668775573,-1.1392514668775573,0
6TANA,1885,319,265.90109165970654,1.199694209635845,86.3,1.0801864556517813,0.2975114497836235,58.09090909090909,-1.1323300682695456,-1.1323300682695456,0
6TANA,1886,243,253.7712235560506,0.9575553784029751,42.4,1.087030841703256,0.32784842097834793,58.618181818181824,-1.1100277838659534,-1.1100277838659534,0
6TANA,1887,366,242.6154591596677,1.50856009451208,21.8,1.1058150098940096,0.4111071333060924,61.45454545454545,-0.9900568746604241,-0.9900568746604241,0
6TANA,1888,149,232.35557189592288,0.6412585624016812,11.2,1.0472479977468983,0.1515154406245858,65.36363636363636,-0.8247123523579315,-0.8247123523579315,0
6TANA,1889,225,222.91961726973128,1.0093324345149555,10.4,1.0799636049073216,0.29652368892902636,67.53636363636363,-0.7328115597293368,-0.7328115597293368,0
6TANA,1890,192,214.24142837557292,0.8961852124296759,11.8,1.1482486364430637,0.599189409294747,67.60909090909091,-0.7297353825702204,-0.7297353825702204,0
6TANA,1891,297,206.2601519211853,1.439929124620676,59.5,1.14308248581698,0.5762910278252584,66.07272727272726,-0.7947196250565494,-0.7947196250565494,0
6TANA,1892,226,198.91982151143327,1.1361361491419308,121.7,1.198671173067034,0.8226816304555854,66.2,-0.7893363150280955,-0.7893363150280955,0
6TANA,1893,138,192.16896520013364,0.7181180366781932,142.0,1.1756273380632398,0.7205424241822234,68.25454545454546,-0.7024343102830642,-0.7024343102830642,0
6TANA,1894,290,185.96024455790385,1.5594731050684358,130.0,1.2045049293257888,0.8485390987877165,69.07272727272726,-0.6678273172430084,-0.6678273172430084,0
6TANA,1895,282,180.2501227251035,1.5644926934672525,106.6,1.2446046033741132,1.0262763928814298,69.55454545454546,-0.6474476435638633,-0.6474476435638633,0
6TANA,1896,200,174.9985591221849,1.1428665527489228,69.4,1.2349520966383312,0.9834927426609381,68.89999999999999,-0.6751332379959092,-0.6751332379959092,0
6TANA,1897,267,170.16872867669792,1.569030938153572,43.8,1.1761752270367363,0.7229708804209372,64.26363636363637,-0.8712395318895629,-0.8712395318895629,0
6TANA,1898,208,165.7267635981089,1.2550779094703415,44.4,1.1537918094823434,0.6237589001965305,56.90909090909091,-1.182317947105183,-1.182317947105183,0
6TANA,1899,155,161.64151588970526,0.9589120662897207,20.2,1.1521771096776938,0.616601924962612,50.372727272727275,-1.4587893692807463,-1.4587893692807463,0
6TANA,1900,229,157.88433893226758,1.450428849046523,15.7,1.0593004420418561,0.2049365440884066,48.14545454545455,-1.552997294778678,-1.552997294778678,0
6TANA,1901,122,154.42888660792943,0.790007638336076,4.6,0.9538518766816343,-0.26245235913817866,46.64545454545455,-1.6164434486854486,-1.6164434486854486,0
6TANA,1902,120,151.2509285556377,0.7933835590031301,8.5,0.9030057943833392,-0.4878218988525012,49.68181818181818,-1.4880130522923498,-1.4880130522923498,0
6TANA,1903,132,148.32818026274663,0.8899185560436116,40.8,0.8247892593802664,-0.8345078910647816,53.054545454545455,-1.3453553365383386,-1.3453553365383386,0
6TANA,1904,102,145.64014680131137,0.7003563388270464,70.1,0.7799943085137556,-1.0330564714467498,55.67272727272728,-1.234612958810157,-1.234612958810157,0
6TANA,1905,77,143.16797911332745,0.5378297610742212,105.5,0.768416409187502,-1.0843742077220584,56.64545454545455,-1.1934690893069788,-1.1934690893069788,0
6TANA,1906,57,140.89434183715733,0.40455847450481286,90.1,0.7157670585205763,-1.3177365316165948,56.08181818181819,-1.2173094622901286,-1.2173094622901286,0
6TANA,1907,81,138.80329174831564,0.5835596474676756,102.8,0.7399988162406352,-1.210331991542093,56.20909090909092,-1.2119261522616755,-1.2119261522616755,0
6TANA,1908,97,136.88016596221394,0.7086490531197709,80.9,0.703014445302952,-1.3742610550626646,55.654545454545456,-1.2353820030999363,-1.2353820030999363,0
6TANA,1909,103,135.11147911491895,0.7623334499387239,73.2,0.6923244556743012,-1.4216432314912444,53.40909090909091,-1.3303589728876475,-1.3303589728876475,0
6TANA,1910,111,133.48482880093434,0.8315551737009311,30.9,0.7194836462522133,-1.301263174604092,54.218181818181826,-1.29613650199248,-1.29613650199248,0
6TANA,1911,115,131.98880860491545,0.8712859917103399,9.5,0.7642891228691018,-1.1026679400176982,53.26363636363636,-1.33651132720588,-1.33651132720588,0
6TANA,1912,138,130.6129281174774,1.0565569732567242,6.0,0.8168057604204624,-0.8698938520779692,60.85454545454545,-1.0154353362231323,-1.0154353362231323,0
6TANA,1913,50,129.34753937423022,0.3865554786886147,2.4,0.8266064598726203,-0.8264533543134974,63.74545454545455,-0.8931572941482654,-0.8931572941482654,0
6TANA,1914,99,128.18376920221607,0.7723286701284523,16.1,0.8283661382600197,-0.8186537778213131,66.0,-0.797795802215665,-0.797795802215665,0
6TANA,1915,127,127.11345699934762,0.9991074351840796,79.0,0.8359786045204216,-0.7849123775078594,65.04545454545455,-0.8381706274290645,-0.8381706274290645,0
6TANA,1916,130,126.12909751054369,1.0306900038599953,95.0,0.8272967587341153,-0.8233936822670301,66.19090909090909,-0.7897208371729854,-0.7897208371729854,0
6TANA,1917,123,125.22378819929644,0.98224148756978,173.6,0.8130892132199938,-0.8863670294406277,67.48181818181818,-0.7351186925986736,-0.7351186925986736,0
6TANA,1918,86,124.39118084562853,0.6913673414414113,134.6,0.7665721508857907,-1.0925486751693751,67.81818181818181,-0.7208913732377618,-0.7208913732377618,0
6TANA,1919,90,123.62543703103456,0.7280055153811643,105.7,0.8052878058974624,-0.9209458897565149,70.13636363636364,-0.6228382262909342,-0.6228382262909342,0
6TANA,1920,104,122.92118719825831,0.8460705788031438,62.7,0.8039221388677235,-0.9269990552312838,75.39999999999999,-0.40019990439990394,-0.40019990439990394,0
6TANA,1921,90,122.27349299882377,0.7360548700515636,43.5,0.7988885971307585,-0.9493096627179622,77.89999999999999,-0.2944563145552865,-0.2944563145552865,0
6TANA,1922,87,121.67781266429337,0.7150029910550023,23.7,0.7585110277544763,-1.1282786965902332,79.69090909090909,-0.21870545201205124,-0.21870545201205124,0
6TANA,1923,66,121.12996915842895,0.5448692875804908,9.7,0.736452199180274,-1.2260519726754942,75.7,-0.38751067361854935,-0.38751067361854935,0
6TANA,1924,98,120.62612088693211,0.8124276838170025,27.9,0.8230054444119802,-0.8424144502364339,73.3,-0.48902451986938233,-0.48902451986938233,0
6TANA,1925,91,120.16273475937402,0.7573063328013263,74.0,0.8420880514933767,-0.7578329410996364,69.0909090909091,-0.6670582729532288,-0.6670582729532288,0
6TANA,1926,113,119.73656141441965,0.9437384760774633,106.5,0.8660395174143903,-0.6516707628921895,66.58181818181818,-0.7731863849427361,-0.7731863849427361,0
6TANA,1927,70,119.34461243462025,0.5865367407208903,114.7,0.8631734217708769,-0.6643744094025817,64.31818181818181,-0.8689323990202261,-0.8689323990202261,0
6TANA,1928,88,118.98413939099935,0.7395943732535568,129.7,0.8669896564896754,-0.6474593783295529,63.0,-0.924688110029206,-0.924688110029206,0
6TANA,1929,195,118.65261457048877,1.6434530389901778,108.2,0.8445690603039361,-0.7468361486548881,63.445454545454545,-0.9058465249296196,-0.9058465249296196,0
6TANA,1930,111,118.3477132510709,0.9379141932765278,59.4,0.835118587856525,-0.7887243046205903,66.38181818181819,-0.781645872130305,-0.781645872130305,0
6TANA,1931,131,118.0672974003374,1.1095367039342907,35.1,0.83699840027518,-0.7803922475496811,71.72727272727273,-0.5555468509352686,-0.5555468509352686,0
6TANA,1932,83,117.80940068315451,0.7045278179729176,18.6,0.8648410830644466,-0.656982688327076,79.37272727272727,-0.23216372708318414,-0.23216372708318414,0
6TANA,1933,89,117.57221467330616,0.7569815729617854,9.2,0.9424550014063615,-0.3129677266723238,85.54545454545455,0.028926809296798493,0.028926809296798493,0
6TANA,1934,35,117.3540761724276,0.2982427295373594,14.6,0.958715298483249,-0.24089578912681997,87.2090909090909,0.09929436181157998,0.09929436181157998,0
6TANA,1935,83,117.15345554730736,0.7084724868954807,60.2,0.922587818229108,-0.40102678109091555,87.64545454545454,0.1177514247662769,0.1177514247662769,0
6TANA,1936,91,116.9689460037764,0.7779842694065314,132.8,0.9413340697756797,-0.31793613002296817,89.44545454545455,0.19388680945440193,0.19388680945440193,0
6TANA,1937,146,116.79925372197036,1.2500079867593954,190.6,0.9571029270866208,-0.24804244395412445,90.87272727272727,0.254256786202056,0.254256786202056,0
6TANA,1938,168,116.64318878379167,1.4402898424819528,182.6,1.0419168237167666,0.12788561148142688,91.64545454545454,0.28694116851766477,0.28694116851766477,0
6TANA,1939,107,116.49965682895262,0.918457641099319,148.0,1.091502708918536,0.3476694693348119,92.27272727272727,0.3134731965150414,0.3134731965150414,0
6TANA,1940,145,116.36765138109008,1.2460507561946268,113.0,1.2056374770857536,0.8535589893246187,95.97272727272728,0.46997370948507594,0.46997370948507594,0
6TANA,1941,133,116.24624679014076,1.144122960288815,79.2,1.299851617783525,1.271152569083056,104.52727272727272,0.8318090478261114,0.8318090478261114,0
6TANA,1942,149,116.13459174148763,1.282994134354645,50.8,1.3210584985153595,1.3651496821992875,111.97272727272728,1.1467326844906274,1.1467326844906274,0
6TANA,1943,190,116.03190328636208,1.6374806809045235,27.1,1.3119871952784445,1.3249421511034036,112.19090909090909,1.1559612159679753,1.1559612159679753,0
6TANA,1944,151,115.93746135164196,1.3024263101812472,16.1,1.2730876604943557,1.1525243392853763,112.92727272727274,1.187107509704027,1.187107509704027,0
6TANA,1945,180,115.85060369054682,1.5537251793767533,55.3,1.318662934340491,1.3545316134899044,110.28181818181817,1.075211565541176,1.075211565541176,0
6TANA,1946,202,115.77072123882367,1.744828034570967,154.3,1.2707380630430232,1.1421100129069108,108.94545454545455,1.0186868102424178,1.0186868102424178,0
6TANA,1947,117,115.69725384385998,1.0112599574567098,214.7,1.2061123328722265,0.8556637341779241,105.83636363636364,0.8871802366902027,0.8871802366902027,0
6TANA,1948,133,115.62968633677522,1.1502236511533308,193.0,1.1864020426326705,0.7683000900555647,103.04545454545455,0.7691319382091205,0.7691319382091205,0
6TANA,1949,117,115.567544919948,1.0123949598569757,190.7,1.173126371283317,0.7094571702834997,101.18181818181819,0.6903048985067695,0.6903048985067695,0
6TANA,1950,164,115.51039384464711,1.4197856534068076,118.9,1.1801032766659942,0.7403815185056449,104.64545454545454,0.8368078357096754,0.8368078357096754,0
6TANA,1951,83,115.45783235546946,0.7188771719224827,98.3,1.1650612396663098,0.6737093817007538,117.86363636363636,1.3959030343790344,1.3959030343790344,0
6TANA,1952,50,115.4094918801586,0.43323992841004866,45.0,1.0750838064365025,0.27489453117375856,128.3181818181818,1.83810350100198,1.83810350100198,0
6TANA,1953,123,115.36503344509822,1.066180941719531,20.1,1.0068271965881075,-0.02764521326017328,132.5909090909091,2.018828909100054,2.018828909100054,0
6TANA,1954,172,115.3241452983577,1.4914482960616349,6.6,0.9843577780818534,-0.12723838302878593,135.5090909090909,2.1422605176095884,2.1422605176095884,0
6TANA,1955,159,115.28654072362168,1.3791722693906943,54.2,0.972067209620617,-0.18171494507118938,132.62727272727273,2.0203669976796115,2.0203669976796115,0
6TANA,1956,160,115.2519560296748,1.3882627723802239,200.7,0.9440791621540682,-0.3057688168726401,128.76363636363638,1.8569450861015673,1.8569450861015673,0
6TANA,1957,87,115.22014870134315,0.7550762690430881,269.3,0.9916763104343265,-0.09479981169530621,124.68181818181819,1.6842946430461734,1.6842946430461734,0
6TANA,1958,30,115.1908956989268,0.2604372491243638,261.7,0.9854704250054858,-0.12230670071012707,124.2181818181818,1.664684013656807,1.664684013656807,0
6TANA,1959,104,115.16399189419826,0.9030600475845377,225.1,0.9904692205606942,-0.10015010176521484,123.75454545454545,1.645073384267442,1.645073384267442,0
6TANA,1960,101,115.1392486320001,0.8771987067833753,159.0,0.9252128539764648,-0.3893916054515273,125.15454545454546,1.704289794580428,1.704289794580428,0
6TANA,1961,128,115.11649240735514,1.1119171312747684,76.4,0.885188744224146,-0.5667939693040138,126.3,1.752739584836507,1.752739584836507,0
6TANA,1962,143,115.09556364881293,1.242445803005326,53.4,0.8720131601677102,-0.6251932634098224,120.13636363636364,1.4920335706014143,1.4920335706014143,0
6TANA,1963,42,115.07631559950104,0.36497518869279916,39.9,0.9172029408846221,-0.42489464413344463,109.2909090909091,1.0332986517482194,1.0332986517482194,0
6TANA,1964,129,115.05861328803498,1.1211676928268246,15.0,0.9907690972149783,-0.09882093223056722,99.08181818181819,0.6014802830372911,0.6014802830372911,0
6TANA,1965,89,115.04233258207022,0.7736282636351115,22.0,0.9956454632892037,-0.07720698818706402,92.07272727272726,0.3050137093274719,0.3050137093274719,0
6TANA,1966,108,115.02735931786013,0.9389070621151867,66.8,1.0281836405962714,0.0670148222528478,86.2,0.056612403728843845,0.056612403728843845,0
6TANA,1967,143,115.01358849971561,1.243331347759431,132.9,1.0583716205392681,0.2008196472685696,88.12727272727273,0.13813109844542143,0.13813109844542143,0
6TANA,1968,144,115.00092356375315,1.2521638569291196,150.0,1.034787896859347,0.09628744517456814,88.19090909090909,0.140822753459648,0.140822753459648,0
6TANA,1969,123,114.98927570076857,1.069664968758281,149.4,1.1779793370676115,0.7309673951743653,89.03636363636365,0.1765833129343737,0.1765833129343737,0
6TANA,1970,110,114.97856323348806,0.9567000744010165,148.0,1.269837717313355,1.138119331747079,89.71818181818183,0.20542247380108777,0.20542247380108777,0
6TANA,1971,142,114.96871104382993,1.2351186571611197,94.4,1.3885555545289625,1.6643227897086463,89.39090909090909,0.1915796765850645,0.1915796765850645,0
6TANA,1972,166,114.95965004616076,1.443984910647732,97.6,1.4487509007796804,1.9311318901203693,86.89090909090909,0.08583608674044708,0.08583608674044708,0
6TANA,1973,113,114.95131670285235,0.9830248425261933,54.1,1.440142447614542,1.8929758898980156,86.71818181818182,0.07853016598754627,0.07853016598754627,0
6TANA,1974,223,114.94365257874249,1.940081030983709,49.2,1.4766198836808064,2.0546580216300865,93.0909090909091,0.3480801895550984,0.3480801895550984,0
6TANA,1975,245,114.9366039313752,2.1316098755300033,22.5,1.680010775267641,2.956165267558993,99.4090909090909,0.6153230802533132,0.6153230802533132,0
6TANA,1976,239,114.93012133414739,2.079524473006796,18.4,1.7053840771513393,3.068629573717609,104.03636363636365,0.8110448520020783,0.8110448520020783,0
6TANA,1977,184,114.92415932971896,1.6010558708730818,39.3,1.6326603768104062,2.7462899532133966,110.2181818181818,1.0725199105269494,1.0725199105269494,0
6TANA,1978,132,114.91867611125646,1.1486383629429089,131.0,1.578928691372585,2.5081303022071566,109.61818181818181,1.0471414489642414,1.0471414489642414,0
6TANA,1979,190,114.91363322927465,1.6534156536580278,220.1,1.556027290391529,2.4066224187160663,110.19999999999999,1.0717508662371706,1.0717508662371706,0
6TANA,1980,380,114.90899532202067,3.3069647762134635,218.9,1.4698604964785615,2.0246977982723884,107.60000000000001,0.9617775327987692,0.9617775327987692,0
6TANA,1981,142,114.9047298675099,1.2358063951216987,198.9,1.3441282320625374,1.467403680852668,106.9,0.9321693276422762,0.9321693276422762,0
6TANA,1982,50,114.900806955475,0.43515795341085295,162.4,1.1827761261505514,0.7522286231562328,108.30909090909091,0.9917702601001515,0.9917702601001515,0
6TANA,1983,98,114.89719907762877,0.8529363708316997,91.0,1.0870786547857998,0.3280603470878566,115.91818181818184,1.3136152953726785,1.3136152953726785,0
6TANA,1984,84,114.89388093477018,0.7311094317345772,60.5,1.0966090078252482,0.37030256479137263,123.2,1.6216175334291818,1.6216175334291818,0
6TANA,1985,114,114.89082925938118,0.9922462979410653,20.6,1.004066848254577,-0.03988014671540703,120.62727272727271,1.5127977664254473,1.5127977664254473,0
6TANA,1986,86,114.88802265246979,0.7485549669537396,14.8,0.7311312882447784,-1.249636311806255,119.20909090909093,1.4528123118226843,1.4528123118226843,0
6TANA,1987,35,114.88544143351595,0.3046513079749487,33.9,0.6543969807102588,-1.5897524975115165,113.21818181818183,1.1994122183404916,1.1994122183404916,0
6TANA,1988,63,114.88306750246753,0.5483836858608154,123.0,0.66152873442254,-1.558141801488499,105.37272727272729,0.8675696073008377,0.8675696073008377,0
6TANA,1989,144,114.88088421281893,1.2534722463768417,211.1,0.6259328615245517,-1.7159165036511104,101.18181818181819,0.6903048985067695,0.6903048985067695,0
6TANA,1990,73,114.87887625488233,0.6354518983806434,191.8,0.640982722426437,-1.6492096882798861,97.96363636363638,0.5541840592158807,0.5541840592158807,0
6TANA,1991,35,114.87702954843283,0.3046736161056793,203.3,0.7597107201104764,-1.1229611951850247,97.14545454545454,0.5195770661758231,0.5195770661758231,0
6TANA,1992,45,114.87533114397502,0.39172901224198264,133.0,0.8135385747873236,-0.8843752848456304,98.42727272727274,0.5737946886052457,0.5737946886052457,0
6TANA,1993,59,114.87376913193835,0.5136072442459472,76.1,0.9037652747919566,-0.48445558738118677,103.37272727272726,0.7829747354251425,0.7829747354251425,0
6TANA,1994,53,114.87233255916472,0.4613817689538295,44.9,0.9330553291156541,-0.3546307166583433,104.58181818181819,0.8341161806954495,0.8341161806954495,0
6TANA,1995,103,114.87101135210263,0.8966579016553131,25.1,0.9172415141246213,-0.424723672586553,101.2,0.6910739427965484,0.6910739427965484,0
6TANA,1996,264,114.86979624616927,2.2982542724655,11.6,0.9671093622115617,-0.20369004596485435,99.25454545454546,0.6087862037901919,0.6087862037901919,0
6TANA,1997,154,114.86867872078537,1.3406613683990591,28.9,0.9868986246573473,-0.11597636642258269,95.64545454545454,0.45613091226905267,0.45613091226905267,0
6TANA,1998,149,114.86765093962705,1.2971450080259104,88.3,1.0169774447677271,0.017344619915306534,92.58181818181818,0.32654694944128515,0.32654694944128515,0
6TANA,1999,100,114.86670569567592,0.8705742834214879,136.3,1.0573461115846061,0.196274194194541,91.6,0.2850185577932171,0.2850185577932171,0
6TANA,2000,124,114.86583636068184,1.0795202814754827,173.9,1.0897996125431362,0.34012068624546316,91.68181818181819,0.2884792570972233,0.2884792570972233,0
6TANA,2001,136,114.86503683868435,1.1839982273369871,170.4,1.063687754885389,0.22438281470428198,91.64545454545454,0.28694116851766477,0.28694116851766477,0
6TANA,2002,60,114.86430152326645,0.5223555030093195,163.6,0.9394425790644825,-0.32631994981178847,91.73636363636363,0.29078638996656003,0.29078638996656003,0
6TANA,2003,83,114.86362525824123,0.7225960334561609,99.3,0.9283701629242721,-0.3753971887307114,89.49090909090908,0.19580942017884895,0.19580942017884895,0
6TANA,2004,110,114.86300330149558,0.957662579231617,65.3,0.8808890277060869,-0.5858519790616216,81.89999999999999,-0.1252665708038986,-0.1252665708038986,0
6TANA,2005,94,114.86243129173752,0.81837027949766,45.8,0.884850897001503,-0.5682914391113063,71.77272727272727,-0.5536242402108215,-0.5536242402108215,0
6TANA,2006,70,114.8619052179139,0.6094274674200927,24.7,0.8254951332575651,-0.8313791845129199,63.309090909090905,-0.9116143571029626,-0.9116143571029626,0
6TANA,2007,107,114.86142139108402,0.9315573384355292,12.6,0.7890921879949093,-0.992731144138047,55.5,-1.2419188795630582,-1.2419188795630582,0
6TANA,2008,140,114.86097641855204,1.2188647908567454,4.2,0.7732646302191211,-1.062885013413652,49.17272727272727,-1.5095462924061627,-1.5095462924061627,0
6TANA,2009,89,114.86056718007663,0.7748525206258747,4.8,0.7558546367653434,-1.1400528508113978,50.445454545454545,-1.4557131921216302,-1.4557131921216302,0
6TANA,2010,105,114.86019080599121,0.9141548456710652,24.9,,,,,,0
6TANA,2011,49,114.85984465708128,0.42660688029216376,80.8,,,,,,0
6TANA,2012,90,114.8595263060776,0.7835658294477731,84.5,,,,,,0
6TANA,2013,40,114.85923352063574,0.3482523674756506,94.0,,,,,,0
6TANA,2014,61,114.8589642476824,0.5310861054646054,113.3,,,,,,0
7TANA,1917,210,424.59322346998414,0.494591030642875,173.6,,,67.48181818181818,-0.7351186925986736,-0.7351186925986736,0
7TANA,1918,200,418.8656837697953,0.47748003178488635,134.6,,,67.81818181818181,-0.7208913732377618,-0.7208913732377618,0
7TANA,1919,212,413.21540557356826,0.5130496035251422,105.7,,,70.13636363636364,-0.6228382262909342,-0.6228382262909342,0
7TANA,1920,232,407.641346664172,0.5691277440291871,62.7,,,75.39999999999999,-0.40019990439990394,-0.40019990439990394,0
7TANA,1921,204,402.14247888343743,0.5072828927856939,43.5,,,77.89999999999999,-0.2944563145552865,-0.2944563145552865,0
7TANA,1922,231,396.7177879425094,0.582277898851048,23.7,0.6348576751550387,-1.2257961395535044,79.69090909090909,-0.21870545201205124,-0.21870545201205124,0
7TANA,1923,265,391.36627323475716,0.6771150661749599,9.7,0.6793937760508061,-1.0692525108017144,75.7,-0.38751067361854935,-0.38751067361854935,0
7TANA,1924,327,386.086947651208,0.8469594789187557,27.9,0.7501459278615491,-0.820559913926808,73.3,-0.48902451986938233,-0.48902451986938233,0
7TANA,1925,192,380.878837398471,0.5040973169090301,74.0,0.8350636071485315,-0.5220757315805198,69.0909090909091,-0.6670582729532288,-0.6670582729532288,0
7TANA,1926,411,375.7409818191171,1.0938386279031354,106.5,0.900627509721246,-0.29161974155385423,66.58181818181818,-0.7731863849427361,-0.7731863849427361,0
7TANA,1927,266,370.67243321448166,0.717614735180711,114.7,1.024865185956266,0.1450735538704073,64.31818181818181,-0.8689323990202261,-0.8689323990202261,0
7TANA,1928,360,365.67225666985735,0.9844881404963175,129.7,1.0868759241306714,0.3630402321415425,63.0,-0.924688110029206,-0.924688110029206,0
7TANA,1929,453,360.7395298820457,1.2557537017030587,108.2,1.1089316329556012,0.44056566936443875,63.445454545454545,-0.9058465249296196,-0.9058465249296196,0
7TANA,1930,515,355.87334298923406,1.447144075681948,59.4,1.2047259991468822,0.7772812191306306,66.38181818181819,-0.781645872130305,-0.781645872130305,0
7TANA,1931,453,351.0727984031681,1.2903306723290473,35.1,1.2420414117989833,0.9084442528816506,71.72727272727273,-0.5555468509352686,-0.5555468509352686,0
7TANA,1932,649,346.33701064358786,1.8738973313709164,18.6,1.2409274160742305,0.9045285770667668,79.37272727272727,-0.23216372708318414,-0.23216372708318414,0
7TANA,1933,432,341.66510617489735,1.2643960187695038,9.2,1.2895987193372158,1.07560737102537,85.54545454545455,0.028926809296798493,0.028926809296798493,0
7TANA,1934,310,337.056223245037,0.9197278632491904,14.6,1.2803490776279831,1.0430950394854797,87.2090909090909,0.09929436181157998,0.09929436181157998,0
7TANA,1935,632,332.5095117265303,1.9006975070228462,60.2,1.2981584200239764,1.1056945717363338,87.64545454545454,0.1177514247662769,0.1177514247662769,0
7TANA,1936,300,328.0241329596743,0.9145668560821424,132.8,1.3098648446167378,1.1468424528620078,89.44545454545455,0.19388680945440193,0.19388680945440193,0
7TANA,1937,350,323.59925959784476,1.0815846749308542,190.6,1.329066576561012,1.214336210429849,90.87272727272727,0.254256786202056,0.254256786202056,0
7TANA,1938,400,319.23407545488953,1.2529990710735495,182.6,1.3159798374035612,1.1683365473468559,91.64545454545454,0.28694116851766477,0.28694116851766477,0
7TANA,1939,278,314.927775354579,0.8827420816947574,148.0,1.3919656402545435,1.4354253376239896,92.27272727272727,0.3134731965150414,0.3134731965150414,0
7TANA,1940,451,310.6795649820882,1.4516564680589847,113.0,1.4433321072707892,1.6159775858259968,95.97272727272728,0.46997370948507594,0.46997370948507594,0
7TANA,1941,483,306.4886607374824,1.5759147462023249,79.2,1.453396395951488,1.6513533874609325,104.52727272727272,0.8318090478261114,0.8318090478261114,0
7TANA,1942,454,302.3542895911783,1.501549723716062,50.8,1.5321180594956958,1.9280586810255735,111.97272727272728,1.1467326844906274,1.1467326844906274,0
7TANA,1943,516,298.27568894135624,1.729943200638958,27.1,1.621682032501925,2.24287450589171,112.19090909090909,1.1559612159679753,1.1559612159679753,0
7TANA,1944,618,294.2521064732946,2.100239850130309,16.1,1.6568998130775063,2.366664398967189,112.92727272727274,1.187107509704027,1.187107509704027,0
7TANA,1945,431,290.28280002060245,1.484759000427894,55.3,1.7043539069326668,2.5334647227898976,110.28181818181817,1.075211565541176,1.075211565541176,0
7TANA,1946,576,286.36703742832395,2.0114046825105336,154.3,1.6345617074640182,2.288146341888948,108.94545454545455,1.0186868102424178,1.0186868102424178,0
7TANA,1947,503,282.50409641788923,1.780505155068428,214.7,1.5846314531031376,2.1126423564716936,105.83636363636364,0.8871802366902027,0.8871802366902027,0
7TANA,1948,576,278.6932644538871,2.0667883779993743,193.0,1.4830387316413252,1.7555456876451367,103.04545454545455,0.7691319382091205,0.7691319382091205,0
7TANA,1949,451,274.9338386126352,1.6403946574049444,190.7,1.4121207679807528,1.506270264969582,101.18181818181819,0.6903048985067695,0.6903048985067695,0
7TANA,1950,381,271.22512545252255,1.4047371141015228,118.9,1.2832503173283507,1.0532928471390335,104.64545454545454,0.8368078357096754,0.8368078357096754,0
7TANA,1951,183,267.56644088610153,0.6839422739038488,98.3,1.2449994438054852,0.918841684514597,117.86363636363636,1.3959030343790344,1.3959030343790344,0
7TANA,1952,271,263.95711005390507,1.0266819482326377,45.0,1.1509791189456968,0.5883618595200343,128.3181818181818,1.83810350100198,1.83810350100198,0
7TANA,1953,100,260.396467199966,0.38402978763612444,20.1,1.0810326229657676,0.3425011290354032,132.5909090909091,2.018828909100054,2.018828909100054,0
7TANA,1954,244,256.8838555490158,0.9498456003726656,6.6,1.0071489478794982,0.08280128170049543,135.5090909090909,2.1422605176095884,2.1422605176095884,0
7TANA,1955,173,253.41862718533932,0.6826648929538843,54.2,0.9298184126807417,-0.18901421965341494,132.62727272727273,2.0203669976796115,2.0203669976796115,0
7TANA,1956,266,250.0001429332646,1.0639993916763737,200.7,0.8885145760608516,-0.3341964950614349,128.76363636363638,1.8569450861015673,1.8569450861015673,0
7TANA,1957,241,246.62777223926378,0.9771811090528603,269.3,0.8657888879337442,-0.41407689800970837,124.68181818181819,1.6842946430461734,1.6842946430461734,0
7TANA,1958,246,243.30089305564508,1.0110936992892074,261.7,0.867231249358097,-0.4090070224077054,124.2181818181818,1.664684013656807,1.664684013656807,0
7TANA,1959,301,240.01889172581366,1.254067952050409,225.1,0.965686692897957,-0.06293783152437334,123.75454545454545,1.645073384267442,1.645073384267442,0
7TANA,1960,187,236.78116287107989,0.789758770218625,159.0,0.9923386022177951,0.03074317139628461,125.15454545454546,1.704289794580428,1.704289794580428,0
7TANA,1961,222,233.58710927899494,0.950394911282731,76.4,0.996090434024109,0.04393079567442559,126.3,1.752739584836507,1.752739584836507,0
7TANA,1962,100,230.43614179319243,0.433959704505668,53.4,0.9914091482995316,0.027476156857605846,120.13636363636364,1.4920335706014143,1.4920335706014143,0
7TANA,1963,237,227.32767920471605,1.0425479239005195,39.9,0.9796149654418166,-0.013980193060182724,109.2909090909091,1.0332986517482194,1.0332986517482194,0
7TANA,1964,329,224.2611481448133,1.4670396665745828,15.0,0.9532094691848273,-0.10679505830254522,99.08181818181819,0.6014802830372911,0.6014802830372911,0
7TANA,1965,275,221.23598297917496,1.2430166028908862,22.0,0.9082499378143548,-0.2648270378910993,92.07272727272726,0.3050137093274719,0.3050137093274719,0
7TANA,1966,158,218.25162570360203,0.7239350428233368,66.8,0.8810338038349669,-0.3604912807869831,86.2,0.056612403728843845,0.056612403728843845,0
7TANA,1967,218,215.307525841079,1.0125052487060222,132.9,0.8578998509726261,-0.44180672725858605,88.12727272727273,0.13813109844542143,0.13813109844542143,0
7TANA,1968,180,212.4031403402364,0.8474450976179935,150.0,0.9109803692970001,-0.25522961818541406,88.19090909090909,0.140822753459648,0.140822753459648,0
7TANA,1969,151,209.53793347518265,0.7206332404623251,149.4,0.898855795058888,-0.29784728812348715,89.03636363636365,0.1765833129343737,0.1765833129343737,0
7TANA,1970,157,206.71137674668728,0.7595131069752118,148.0,0.9066953408204625,-0.27029141958989433,89.71818181818183,0.20542247380108777,0.20542247380108777,0
7TANA,1971,100,203.92294878469698,0.4903812964453578,94.4,0.8953215557248839,-0.3102700786034434,89.39090909090909,0.1915796765850645,0.1915796765850645,0
7TANA,1972,140,201.17213525216678,0.6959214297969832,97.6,0.8720704479382984,-0.3919973226190286,86.89090909090909,0.08583608674044708,0.08583608674044708,0
7TANA,1973,202,198.4584287501884,1.0178454060737807,54.1,0.8118916136328626,-0.603524890294378,86.71818181818182,0.07853016598754627,0.07853016598754627,0
7TANA,1974,178,195.7813287243986,0.9091776072812878,49.2,0.7631782611702551,-0.7747514864665238,93.0909090909091,0.3480801895550984,0.3480801895550984,0
7TANA,1975,300,193.1403413726496,1.553274669951902,22.5,0.7480423832546529,-0.8279538370449427,99.4090909090909,0.6153230802533132,0.6153230802533132,0
7TANA,1976,213,190.53497955392547,1.1179049668395218,18.4,0.7188264963851345,-0.9306471769594578,104.03636363636365,0.8110448520020783,0.8110448520020783,0
7TANA,1977,88,187.96476269848682,0.46817285717089585,39.3,0.7001280466035817,-0.996371906380384,110.2181818181818,1.0725199105269494,1.0725199105269494,0
7TANA,1978,65,185.42921671922784,0.3505380713462287,131.0,0.6777899546676073,-1.0748899153823996,109.61818181818181,1.0471414489642414,1.0471414489642414,0
7TANA,1979,57,182.9278739242288,0.31159822052931185,220.1,0.6352558673116719,-1.224396500970734,110.19999999999999,1.0717508662371706,1.0717508662371706,0
7TANA,1980,100,180.46027293048857,0.5541385833906999,218.9,0.5876487111713592,-1.3917348360935085,107.60000000000001,0.9617775327987692,0.9617775327987692,0
7TANA,1981,78,178.02595857882054,0.43813835141050905,198.9,0.4994554990822133,-1.7017324599093648,106.9,0.9321693276422762,0.9321693276422762,0
7TANA,1982,50,175.6244818498964,0.2846983488482787,162.4,0.5086287644609064,-1.669488589857861,108.30909090909091,0.9917702601001515,0.9917702601001515,0
7TANA,1983,78,173.25539978142305,0.45020241850126386,91.0,0.5744526075422276,-1.4381189134136954,115.91818181818184,1.3136152953726785,1.3136152953726785,0
7TANA,1984,94,170.91827538643614,0.5499704451584919,60.5,0.6564373867204527,-1.1499438245119797,123.2,1.6216175334291818,1.6216175334291818,0
7TANA,1985,65,168.61267757269607,0.3854988897378475,20.6,0.7296699133464258,-0.8925327528170746,120.62727272727271,1.5127977664254473,1.5127977664254473,0
7TANA,1986,97,166.33818106317128,0.5831493369712977,14.8,0.7085403707870732,-0.9668027315439459,119.20909090909093,1.4528123118226843,1.4528123118226843,0
7TANA,1987,200,164.09436631759414,1.2188108860051465,33.9,0.705471407340291,-0.9775900852817659,113.21818181818183,1.1994122183404916,1.1994122183404916,0
7TANA,1988,193,161.8808194550749,1.1922351310654271,123.0,0.7384916497234429,-0.8615245011611427,105.37272727272729,0.8675696073008377,0.8675696073008377,0
7TANA,1989,200,159.6971321777599,1.2523706423067054,211.1,0.771284433179185,-0.7462584312587053,101.18181818181819,0.6903048985067695,0.6903048985067695,0
7TANA,1990,176,157.54290169551905,1.1171560134150171,191.8,0.7966330313013233,-0.6571585447846412,97.96363636363638,0.5541840592158807,0.5541840592158807,0
7TANA,1991,50,155.41773065164978,0.32171361523782,203.3,0.8680135106041075,-0.4062573875806923,97.14545454545454,0.5195770661758231,0.5195770661758231,0
7TANA,1992,62,153.3212270495828,0.40437975349590516,133.0,0.9222464320743307,-0.21562960126798328,98.42727272727274,0.5737946886052457,0.5737946886052457,0
7TANA,1993,98,151.2530041805768,0.6479210150629504,76.1,0.9079362518209845,-0.2659296387632711,103.37272727272726,0.7829747354251425,0.7829747354251425,0
7TANA,1994,121,149.21268055238832,0.8109230365144275,44.9,0.9364855449358772,-0.16557936443271007,104.58181818181819,0.8341161806954495,0.8341161806954495,0
7TANA,1995,122,147.19987981890412,0.8288050245020117,25.1,0.925086258496831,-0.20564766022999562,101.2,0.6910739427965484,0.6910739427965484,0
7TANA,1996,170,145.21423071072238,1.1706841620684734,11.6,0.912639640955084,-0.24939730684209807,99.25454545454546,0.6087862037901919,0.6087862037901919,0
7TANA,1997,169,143.2553669666706,1.1797114731437537,28.9,0.9173521761672887,-0.23283282661367233,95.64545454545454,0.45613091226905267,0.45613091226905267,0
7TANA,1998,150,141.32292726624735,1.0613989032183389,88.3,0.9542568492536475,-0.10311353537266076,92.58181818181818,0.32654694944128515,0.32654694944128515,0
7TANA,1999,210,139.41655516297496,1.506277355329247,136.3,0.9483942584126068,-0.12372044135869281,91.6,0.2850185577932171,0.2850185577932171,0
7TANA,2000,155,137.53589901865175,1.1269784914771952,173.9,0.9114602708795311,-0.25354277237578765,91.68181818181819,0.2884792570972233,0.2884792570972233,0
7TANA,2001,133,135.68061193849067,0.9802432204558018,170.4,0.9035219432552527,-0.2814458574580117,91.64545454545454,0.28694116851766477,0.28694116851766477,0
7TANA,2002,50,133.8503517071334,0.37355150257207215,163.6,0.8697868658935719,-0.40002407423499425,91.73636363636363,0.29078638996656003,0.29078638996656003,0
7TANA,2003,107,132.04478072552703,0.8103311574458516,99.3,0.8465409534646248,-0.481733056657826,89.49090909090908,0.19580942017884895,0.19580942017884895,0
7TANA,2004,76,130.2635659486527,0.5834325158115024,65.3,0.8344524244287961,-0.5242240283297499,81.89999999999999,-0.1252665708038986,-0.1252665708038986,0
7TANA,2005,52,128.50637882409407,0.4046491736505951,45.8,0.7702031950683644,-0.7500589646239572,71.77272727272727,-0.5536242402108215,-0.5536242402108215,0
7TANA,2006,94,126.77289523143435,0.7414834206349493,24.7,0.7222423403878838,-0.9186405440327923,63.309090909090905,-0.9116143571029626,-0.9116143571029626,0
7TANA,2007,100,125.06279542247103,0.7995983110899839,12.6,0.7397131043924184,-0.8572311090053105,55.5,-1.2419188795630582,-1.2419188795630582,0
7TANA,2008,114,123.37576396223714,0.9240064364253349,4.2,0.7609574113481319,-0.7825577353988586,49.17272727272727,-1.5095462924061627,-1.5095462924061627,0
7TANA,2009,113,121.71148967081768,0.9284250838242233,4.8,0.7952106824505756,-0.6621580765345828,50.445454545454545,-1.4557131921216302,-1.4557131921216302,0
7TANA,2010,96,120.06966556595144,0.799535832364499,24.9,,,,,,0
7TANA,2011,71,118.4499888064067,0.5994090899919087,80.8,,,,,,0
7TANA,2012,137,116.85216063612104,1.1724216245056824,84.5,,,,,,0
7TANA,2013,70,115.27588632909445,0.6072388790849202,94.0,,,,,,0
7TANA,2014,135,113.72087513502599,1.1871171395727331,113.3,,,,,,0
8TANA,1908,477,481.68079530884853,0.9902823709094583,80.9,,,55.654545454545456,-1.2353820030999363,-1.2353820030999363,0
8TANA,1909,379,474.572797781625,0.7986129878737742,73.2,,,53.40909090909091,-1.3303589728876475,-1.3303589728876475,0
8TANA,1910,503,467.5696905247612,1.0757754623390468,30.9,,,54.218181818181826,-1.29613650199248,-1.29613650199248,0
8TANA,1911,188,460.6699257086786,0.40810130965416797,9.5,,,53.26363636363636,-1.33651132720588,-1.33651132720588,0
8TANA,1912,560,453.87197834458664,1.2338280984926533,6.0,,,60.85454545454545,-1.0154353362231323,-1.0154353362231323,0
8TANA,1913,150,447.1743459474286,0.3354396363731352,2.4,0.9073273023343653,-0.19687688183941385,63.74545454545455,-0.8931572941482654,-0.8931572941482654,0
8TANA,1914,409,440.57554820380244,0.9283311379114573,16.1,0.8864257759574038,-0.2727734602401402,66.0,-0.797795802215665,-0.797795802215665,0
8TANA,1915,560,434.07412664478045,1.2901022328342309,79.0,0.8826304991980455,-0.28655467960776454,65.04545454545455,-0.8381706274290645,-0.8381706274290645,0
8TANA,1916,631,427.66864432355885,1.47544134547916,95.0,0.8613093740416846,-0.36397488413431456,66.19090909090909,-0.7897208371729854,-0.7897208371729854,0
8TANA,1917,356,421.35768549786235,0.8448878761505493,173.6,0.9115922026954337,-0.18139038871028523,67.48181818181818,-0.7351186925986736,-0.7351186925986736,0
8TANA,1918,249,415.13985531703673,0.5997978676603865,134.6,0.8784465791962656,-0.3017471209017873,67.81818181818181,-0.7208913732377618,-0.7208913732377618,0
8TANA,1919,311,409.0137795137584,0.7603655807628814,105.7,0.942999924561418,-0.06734423810870363,70.13636363636364,-0.6228382262909342,-0.6228382262909342,0
8TANA,1920,305,402.97810410029285,0.7568649435208318,62.7,0.8994303767729496,-0.22555180343065787,75.39999999999999,-0.40019990439990394,-0.40019990439990394,0
8TANA,1921,334,397.0314950692363,0.8412430856190777,43.5,0.8800647275339064,-0.2958713814961173,77.89999999999999,-0.2944563145552865,-0.2944563145552865,0
8TANA,1922,376,391.17263809867245,0.9612124248454076,23.7,0.8197824740201725,-0.514765288929622,79.69090909090909,-0.21870545201205124,-0.21870545201205124,0
8TANA,1923,335,385.40023826168067,0.8692262400018038,9.7,0.8697625382079658,-0.3332801767091416,75.7,-0.38751067361854935,-0.38751067361854935,0
8TANA,1924,397,379.71301974013073,1.0455264353898115,27.9,0.929222780236199,-0.11737111631649098,73.3,-0.48902451986938233,-0.48902451986938233,0
8TANA,1925,168,374.109725542701,0.44906611223830484,74.0,0.9671553914941481,0.020367886680749795,69.0909090909091,-0.6670582729532288,-0.6670582729532288,0
8TANA,1926,397,368.5891172270575,1.0770800912047571,106.5,0.9947887504470739,0.1207087592285964,66.58181818181818,-0.7731863849427361,-0.7731863849427361,0
8TANA,1927,295,363.1499746261333,0.8123365568280861,114.7,1.0294087563221483,0.24641919504764595,64.31818181818181,-0.8689323990202261,-0.8689323990202261,0
8TANA,1928,499,357.79109557844623,1.3946685822162768,129.7,1.0569759548368525,0.34651982911740437,63.0,-0.924688110029206,-0.924688110029206,0
8TANA,1929,442,352.51129566239695,1.253860529970952,108.2,1.0057343952439093,0.160454037802375,63.445454545454545,-0.9058465249296196,-0.9058465249296196,0
8TANA,1930,409,347.30940793448775,1.17762430460032,59.4,1.0282599904404968,0.2422478537671857,66.38181818181819,-0.781645872130305,-0.781645872130305,0
8TANA,1931,363,342.1842826714037,1.060831892003016,35.1,1.1290917765060682,0.6083831980665432,71.72727272727273,-0.5555468509352686,-0.5555468509352686,0
8TANA,1932,412,337.13478711590085,1.2220631502448955,18.6,1.1409692505260578,0.6515120883639693,79.37272727272727,-0.23216372708318414,-0.23216372708318414,0
8TANA,1933,420,332.1598052264437,1.2644516085071549,9.2,1.2443014775305778,1.0267269088861006,85.54545454545455,0.028926809296798493,0.028926809296798493,0
8TANA,1934,100,327.2582374305369,0.30556908447942666,14.6,1.2770008281082854,1.1454631571396885,87.2090909090909,0.09929436181157998,0.09929436181157998,0
8TANA,1935,417,322.4290003816978,1.2933079825522742,60.2,1.2905707018310497,1.194737404690477,87.64545454545454,0.1177514247662769,0.1177514247662769,0
8TANA,1936,495,317.6710267200143,1.5582157589595922,132.8,1.3262366787431665,1.3242459182855726,89.44545454545455,0.19388680945440193,0.19388680945440193,0
8TANA,1937,378,312.9832648362369,1.207732305424643,190.6,1.3321070193914706,1.345562005982597,90.87272727272727,0.254256786202056,0.254256786202056,0
8TANA,1938,601,308.3646786393513,1.948991053877805,182.6,1.3321562020060378,1.3457405954355934,91.64545454545454,0.28694116851766477,0.28694116851766477,0
8TANA,1939,533,303.8142473275815,1.754361438571061,148.0,1.348710912540068,1.4058532333017093,92.27272727272727,0.3134731965150414,0.3134731965150414,0
8TANA,1940,420,299.33096516277135,1.403129140921357,113.0,1.3971563094520993,1.5817657383779438,95.97272727272728,0.46997370948507594,0.46997370948507594,0
8TANA,1941,463,294.9138412480963,1.569950050633606,79.2,1.388160987685506,1.54910237535913,104.52727272727272,0.8318090478261114,0.8318090478261114,0
8TANA,1942,327,290.5618993090548,1.1254056391343588,50.8,1.318963546410682,1.297836083504333,111.97272727272728,1.1467326844906274,1.1467326844906274,0
8TANA,1943,350,286.27417747769164,1.2226041590051353,27.1,1.3121310166669746,1.2730261428322414,112.19090909090909,1.1559612159679753,1.1559612159679753,0
8TANA,1944,408,282.0497280800056,1.4465534243814893,16.1,1.222788449203479,0.9486098751528897,112.92727272727274,1.187107509704027,1.187107509704027,0
8TANA,1945,233,277.8876174264944,0.838468450511769,55.3,1.1771222280833404,0.7827889743726593,110.28181818181817,1.075211565541176,1.075211565541176,0
8TANA,1946,327,273.78692560578963,1.1943594431197524,154.3,1.0982075425740105,0.49623791069870565,108.94545454545455,1.0186868102424178,1.0186868102424178,0
8TANA,1947,215,269.7467462813383,0.7970439049365253,214.7,1.0346237170663102,0.2653554999776176,105.83636363636364,0.8871802366902027,0.8871802366902027,0
8TANA,1948,301,265.76618649108354,1.1325744782438625,193.0,1.0052691419686262,0.15876463335186358,103.04545454545455,0.7691319382091205,0.7691319382091205,0
8TANA,1949,253,261.84436645010175,0.9662228117793508,190.7,0.9786424300455454,0.062079047209640865,101.18181818181819,0.6903048985067695,0.6903048985067695,0
8TANA,1950,323,257.98041935615265,1.2520330062495368,118.9,0.9238126802863046,-0.1370160009817331,104.64545454545454,0.8368078357096754,0.8368078357096754,0
8TANA,1951,136,254.1734911980976,0.5350676003187304,98.3,0.9577740542264714,-0.013697156541389406,117.86363636363636,1.3959030343790344,1.3959030343790344,0
8TANA,1952,218,250.42274056714615,0.8705279700488998,45.0,0.88869049172577,-0.2645499374806434,128.3181818181818,1.83810350100198,1.83810350100198,0
8TANA,1953,198,246.7273384708876,0.802505313059837,20.1,0.8519522469780605,-0.39795201647296946,132.5909090909091,2.018828909100054,2.018828909100054,0
8TANA,1954,226,243.08646815006642,0.9297103278512472,6.6,0.9189879995128802,-0.15453514077921185,135.5090909090909,2.1422605176095884,2.1422605176095884,0
8TANA,1955,202,239.49932489806224,0.8434261770298391,54.2,0.9386824279989074,-0.08302171593695618,132.62727272727273,2.0203669976796115,2.0203669976796115,0
8TANA,1956,286,235.9651158830327,1.2120435638536056,200.7,1.0585029453800532,0.3520645608938809,128.76363636363638,1.8569450861015673,1.8569450861015673,0
8TANA,1957,101,232.48305997268199,0.4344402556120349,269.3,1.0519814148408224,0.32838390499647113,124.68181818181819,1.6842946430461734,1.6842946430461734,0
8TANA,1958,90,229.05238756161435,0.3929232127117221,261.7,1.119908882599618,0.5750387324640378,124.2181818181818,1.664684013656807,1.664684013656807,0
8TANA,1959,422,225.67234040123574,1.8699677561268788,225.1,1.2387472735570109,1.0065587608891153,123.75454545454545,1.645073384267442,1.645073384267442,0
8TANA,1960,263,222.34217143216526,1.1828615251256511,159.0,1.3185051496246931,1.2961715759952168,125.15454545454546,1.704289794580428,1.704289794580428,0
8TANA,1961,563,219.06114461911991,2.5700586974421418,76.4,1.3526903539570656,1.4203031821738241,126.3,1.752739584836507,1.752739584836507,0
8TANA,1962,100,215.8285347882358,0.46333076438718757,53.4,1.3931371805016886,1.5671716781171723,120.13636363636364,1.4920335706014143,1.4920335706014143,0
8TANA,1963,344,212.64362746678987,1.617730115395652,39.9,1.476137800225662,1.868559381989983,109.2909090909091,1.0332986517482194,1.0332986517482194,0
8TANA,1964,442,209.50571872528678,2.1097276135911596,15.0,1.5960635629958964,2.3040278206199263,99.08181818181819,0.6014802830372911,0.6014802830372911,0
8TANA,1965,373,206.41411502187637,1.8070469645957514,22.0,1.5655419226986114,2.1931991651445544,92.07272727272726,0.3050137093274719,0.3050137093274719,0
8TANA,1966,248,203.3681330490664,1.2194634246859382,66.8,1.4917148773010112,1.9251220860806524,86.2,0.056612403728843845,0.056612403728843845,0
8TANA,1967,332,200.36709958269793,1.656958655844459,132.9,1.3621713146080447,1.4547299728485177,88.12727272727273,0.13813109844542143,0.13813109844542143,0
8TANA,1968,266,197.41035133314904,1.34744707257574,150.0,1.406361921142451,1.6151926956624376,88.19090909090909,0.140822753459648,0.140822753459648,0
8TANA,1969,333,194.4972347987341,1.7121066031843006,149.4,1.3171949618815402,1.2914140877154383,89.03636363636365,0.1765833129343737,0.1765833129343737,0
8TANA,1970,294,191.62710612126673,1.5342297128567446,148.0,1.2184060960556802,0.9326968933321841,89.71818181818183,0.20542247380108777,0.20542247380108777,0
8TANA,1971,70,188.799330943754,0.370764025752051,94.4,1.1350412812571948,0.6299867424989293,89.39090909090909,0.1915796765850645,0.1915796765850645,0
8TANA,1972,213,186.01328427019044,1.1450795078195086,97.6,1.0599786364111876,0.35742301644491636,86.89090909090909,0.08583608674044708,0.08583608674044708,0
8TANA,1973,174,183.26835032742142,0.9494274362656571,54.1,0.9371307266483082,-0.08865617636277834,86.71818181818182,0.07853016598754627,0.07853016598754627,0
8TANA,1974,115,180.56392242904448,0.6368935635256324,49.2,0.8433787076573357,-0.4290838241453665,93.0909090909091,0.3480801895550984,0.3480801895550984,0
8TANA,1975,182,177.89940284131941,1.0230500895066983,22.5,0.7504835770509523,-0.7663999816334792,99.4090909090909,0.6153230802533132,0.6153230802533132,0
8TANA,1976,156,175.2742026510568,0.8900340018124133,18.4,0.6406187777603365,-1.1653355522926228,104.03636363636365,0.8110448520020783,0.8110448520020783,0
8TANA,1977,68,172.6877416354563,0.39377433137986106,39.3,0.6409364978665401,-1.1641818629153462,110.2181818181818,1.0725199105269494,1.0725199105269494,0
8TANA,1978,52,170.13944813386547,0.3056316484527825,131.0,0.5782781218219093,-1.391703827778892,109.61818181818181,1.0471414489642414,1.0471414489642414,0
8TANA,1979,53,167.6287589214312,0.31617486367504205,220.1,0.5632356026119306,-1.44632547205378,110.19999999999999,1.0717508662371706,1.0717508662371706,0
8TANA,1980,114,165.15511908461542,0.690260166514084,218.9,0.5361681431994166,-1.5446114784611735,107.60000000000001,0.9617775327987692,0.9617775327987692,0
8TANA,1981,53,162.71798189854795,0.3257169206599714,198.9,0.5069546882174811,-1.6506899167725708,106.9,0.9321693276422762,0.9321693276422762,0
8TANA,1982,60,160.31680870618916,0.3742589469202904,162.4,0.5335461969614387,-1.5541321586557322,108.30909090909091,0.9917702601001515,0.9917702601001515,0
8TANA,1983,72,157.9510687992757,0.45583737132857033,91.0,0.5944630759306919,-1.3329338309721828,115.91818181818184,1.3136152953726785,1.3136152953726785,0
8TANA,1984,122,155.62023930102325,0.7839597249558902,60.5,0.6692462398781387,-1.061384941994972,123.2,1.6216175334291818,1.6216175334291818,0
8TANA,1985,52,153.32380505056003,0.3391515099879793,20.6,0.7075639856551624,-0.9222474577722646,120.62727272727271,1.5127977664254473,1.5127977664254473,0
8TANA,1986,106,151.06125848906572,0.7017020847054085,14.8,0.6713909529114402,-1.0535971671720552,119.20909090909093,1.4528123118226843,1.4528123118226843,0
8TANA,1987,176,148.83209954759064,1.182540597995946,33.9,0.6753357943197249,-1.039272856123063,113.21818181818183,1.1994122183404916,1.1994122183404916,0
8TANA,1988,156,146.6358355365303,1.0638600000416465,123.0,0.745489829163105,-0.7845330294907504,105.37272727272729,0.8675696073008377,0.8675696073008377,0
8TANA,1989,163,144.47198103673082,1.1282464518746966,211.1,0.7548856034349787,-0.7504155633402017,101.18181818181819,0.6903048985067695,0.6903048985067695,0
8TANA,1990,105,142.3400577922018,0.737670067222303,191.8,0.7365893892263803,-0.8168518623489651,97.96363636363638,0.5541840592158807,0.5541840592158807,0
8TANA,1991,41,140.23959460441145,0.2923568063331401,203.3,0.7651098008025964,-0.7132899686299888,97.14545454545454,0.5195770661758231,0.5195770661758231,0
8TANA,1992,51,138.17012722814243,0.36911017615110325,133.0,0.7537640932307293,-0.754487935166493,98.42727272727274,0.5737946886052457,0.5737946886052457,0
8TANA,1993,156,136.1311982688841,1.1459533301974714,76.1,0.7052459956189939,-0.9306644273915782,103.37272727272726,0.7829747354251425,0.7829747354251425,0
8TANA,1994,75,134.12235708173907,0.5591908883191805,44.9,0.6866532726272306,-0.9981773942810559,104.58181818181819,0.8341161806954495,0.8341161806954495,0
8TANA,1995,77,132.14315967182134,0.5827013686613076,25.1,0.6544847689822122,-1.1149860576722277,101.2,0.6910739427965484,0.6910739427965484,0
8TANA,1996,85,130.1931685961245,0.6528760373263565,11.6,0.677681252951578,-1.0307561439113506,99.25454545454546,0.6087862037901919,0.6087862037901919,0
8TANA,1997,74,128.2719528668379,0.5768993014148707,28.9,0.7297346302962552,-0.8417425205322718,95.64545454545454,0.45613091226905267,0.45613091226905267,0
8TANA,1998,82,126.37908785608941,0.6488415242668563,88.3,0.7364710732245624,-0.8172814855040439,92.58181818181818,0.32654694944128515,0.32654694944128515,0
8TANA,1999,107,124.51415520209423,0.8593400471322504,136.3,0.7345319795186925,-0.8243226256973325,91.6,0.2850185577932171,0.2850185577932171,0
8TANA,2000,95,122.67674271668815,0.7743929117794942,173.9,0.7252043548588724,-0.8581926303811486,91.68181818181819,0.2884792570972233,0.2884792570972233,0
8TANA,2001,120,120.86644429422573,0.9928313908853268,170.4,0.7265138758362842,-0.8534375632278192,91.64545454545454,0.28694116851766477,0.28694116851766477,0
8TANA,2002,103,119.08285982182261,0.8649439571245892,163.6,0.7329470568132788,-0.8300777178471153,91.73636363636363,0.29078638996656003,0.29078638996656003,0
8TANA,2003,52,117.32559509092236,0.44321104836248393,99.3,0.7806579597049695,-0.6568322707643623,89.49090909090908,0.19580942017884895,0.19580942017884895,0
8TANA,2004,130,115.59426171016845,1.124623299432902,65.3,0.7572521074413946,-0.7418224322157422,81.89999999999999,-0.1252665708038986,-0.1252665708038986,0
8TANA,2005,52,113.88847701956173,0.45658701706115856,45.8,0.7195420517794902,-0.878753302450854,71.77272727272727,-0.5536242402108215,-0.5536242402108215,0
8TANA,2006,67,112.20786400588484,0.5971060994128373,24.7,0.680560004276495,-1.0203029659143321,63.309090909090905,-0.9116143571029626,-0.9116143571029626,0
8TANA,2007,80,110.55205121937449,0.7236410280732976,12.6,0.6425632749892367,-1.1582747910964506,55.5,-1.2419188795630582,-1.2419188795630582,0
8TANA,2008,120,108.92067269162368,1.1017192332234682,4.2,0.6025907649740018,-1.3034209725537553,49.17272727272727,-1.5095462924061627,-1.5095462924061627,0
8TANA,2009,42,107.31336785469496,0.3913771493675333,4.8,0.6252617962510917,-1.2210990563589865,50.445454545454545,-1.4557131921216302,-1.4557131921216302,0
8TANA,2010,47,105.72978146142779,0.4445294348513005,24.9,,,,,,0
8TANA,2011,36,104.16956350692156,0.3455903892465478,80.8,,,,,,0
8TANA,2012,59,102.63236915117734,0.5748673687254854,84.5,,,,,,0
8TANA,2013,43,101.11785864288129,0.4252463469570042,94.0,,,,,,0
8TANA,2014,69,99.62569724431259,0.6925923924104738,113.3,,,,,,0
9TANA,1892,443,446.8328219967749,0.9914222460658842,121.7,,,66.2,-0.7893363150280955,-0.7893363150280955,0
9TANA,1893,659,441.69463734601055,1.4919809847810284,142.0,,,68.25454545454546,-0.7024343102830642,-0.7024343102830642,0
9TANA,1894,721,436.61553730185005,1.651338393625565,130.0,,,69.07272727272726,-0.6678273172430084,-0.6678273172430084,0
9TANA,1895,560,431.59484244325756,1.2975131881322794,106.6,,,69.55454545454546,-0.6474476435638633,-0.6474476435638633,0
9TANA,1896,475,426.6318811619419,1.113372021580587,69.4,,,68.89999999999999,-0.6751332379959092,-0.6751332379959092,0
9TANA,1897,598,421.725989572517,1.4179823268804546,43.8,1.0254523462244893,0.16339206864515807,64.26363636363637,-0.8712395318895629,-0.8712395318895629,0
9TANA,1898,371,416.8765114236948,0.8899517958759063,44.4,0.9794544767261882,-0.07966068309261581,56.90909090909091,-1.182317947105183,-1.182317947105183,0
9TANA,1899,315,412.0827980105005,0.7644094864449386,20.2,0.8601818109079715,-0.7098974734137026,50.372727272727275,-1.4587893692807463,-1.4587893692807463,0
9TANA,1900,284,407.34420808749604,0.6971990625161849,15.7,0.7289770600534198,-1.4031834034815216,48.14545454545455,-1.552997294778678,-1.552997294778678,0
9TANA,1901,259,402.6601077830023,0.6432223977339663,4.6,0.629440658674863,-1.929133768509348,46.64545454545455,-1.6164434486854486,-1.6164434486854486,0
9TANA,1902,128,398.029870514307,0.3215839048325874,8.5,0.5664602265903599,-2.2619223843894343,49.68181818181818,-1.4880130522923498,-1.4880130522923498,0
9TANA,1903,191,393.4528769038486,0.4854456815845733,40.8,0.5051203235488179,-2.5860424444745145,53.054545454545455,-1.3453553365383386,-1.3453553365383386,0
9TANA,1904,70,388.92851469636287,0.17998166078064273,70.1,0.5549789993991354,-2.3225891911913608,55.67272727272728,-1.234612958810157,-1.234612958810157,0
9TANA,1905,80,384.45617867698274,0.20808613422549624,105.5,0.6107566791287319,-2.0278599202122476,56.64545454545455,-1.1934690893069788,-1.1934690893069788,0
9TANA,1906,77,380.0352705902804,0.20261277296815544,90.1,0.6647238674420888,-1.7426972862429397,56.08181818181819,-1.2173094622901286,-1.2173094622901286,0
9TANA,1907,158,375.6651990602393,0.42058726865105256,102.8,0.7713718560273585,-1.1791692929756454,56.20909090909092,-1.2119261522616755,-1.2119261522616755,0
9TANA,1908,276,371.34537951114726,0.7432433934234932,80.9,0.8243618364997897,-0.8991702254355499,55.654545454545456,-1.2353820030999363,-1.2353820030999363,0
9TANA,1909,528,367.07523408939886,1.4383972302294001,73.2,0.9032968894513501,-0.4820773896651397,53.40909090909091,-1.3303589728876475,-1.3303589728876475,0
9TANA,1910,500,362.8541915861973,1.3779639634704983,30.9,0.9811712198942498,-0.07058941184515503,54.218181818181826,-1.29613650199248,-1.29613650199248,0
9TANA,1911,463,358.6816873611448,1.2908381339631108,9.5,1.1201572099413233,0.6638125876906656,53.26363636363636,-1.33651132720588,-1.33651132720588,0
9TANA,1912,644,354.55716326671154,1.8163502721719331,6.0,1.1981793998020491,1.0760818547043665,60.85454545454545,-1.0154353362231323,-1.0154353362231323,0
9TANA,1913,317,350.480067573574,0.9044736900293318,2.4,1.289387500264712,1.5580254760071814,63.74545454545455,-0.8931572941482654,-0.8931572941482654,0
9TANA,1914,469,346.4498548968106,1.353731264051736,16.1,1.3330293511559785,1.7886290249485892,66.0,-0.797795802215665,-0.797795802215665,0
9TANA,1915,355,342.46598612294696,1.0365992956525418,79.0,1.28664330590093,1.5435251524336049,65.04545454545455,-0.8381706274290645,-0.8381706274290645,0
9TANA,1916,588,338.5279283378398,1.7369320247433033,95.0,1.2529923982480553,1.3657137495857627,66.19090909090909,-0.7897208371729854,-0.7897208371729854,0
9TANA,1917,355,334.63515475539,1.06085686143614,173.6,1.306620163797112,1.649082873599818,67.48181818181818,-0.7351186925986736,-0.7351186925986736,0
9TANA,1918,471,330.78714464707554,1.4238763737403424,134.6,1.2116737066454843,1.1473857747959686,67.81818181818181,-0.7208913732377618,-0.7208913732377618,0
9TANA,1919,400,326.9833832722944,1.223303753227427,105.7,1.2882249137905044,1.551882368842192,70.13636363636364,-0.6228382262909342,-0.6228382262909342,0
9TANA,1920,300,323.22336180950936,0.9281507324238649,62.7,1.202110691212134,1.0968547993108442,75.39999999999999,-0.40019990439990394,-0.40019990439990394,0
9TANA,1921,322,319.5065772881833,1.0078039792888762,43.5,1.1573152566359985,0.8601557139451346,77.89999999999999,-0.2944563145552865,-0.2944563145552865,0
9TANA,1922,594,315.83253252149814,1.8807435550027372,23.7,1.0195407375998469,0.13215512747619423,79.69090909090909,-0.21870545201205124,-0.21870545201205124,0
9TANA,1923,241,312.20073603984736,0.7719392435040264,9.7,1.0011556220895097,0.03500817339891204,75.7,-0.38751067361854935,-0.38751067361854935,0
9TANA,1924,539,308.6107020250926,1.7465369686245515,27.9,1.0405651275912948,0.24324800844578512,73.3,-0.48902451986938233,-0.48902451986938233,0
9TANA,1925,124,305.0619502455773,0.4064748156896624,74.0,1.0752290427890527,0.4264121433657966,69.0909090909091,-0.6670582729532288,-0.6670582729532288,0
9TANA,1926,164,301.5540059918864,0.543849515315053,106.5,1.1441714704952537,0.7907039453174844,66.58181818181818,-0.7731863849427361,-0.7731863849427361,0
9TANA,1927,66,298.0864000133462,0.22141231534563466,114.7,1.1698498117930407,0.9263883059316074,64.31818181818181,-0.8689323990202261,-0.8689323990202261,0
9TANA,1928,253,294.65866845525306,0.8586205908224304,129.7,1.072423571153108,0.41158803067371164,63.0,-0.924688110029206,-0.924688110029206,0
9TANA,1929,541,291.2703527968246,1.8573809342599796,108.2,1.0647483585819038,0.3710322058942084,63.445454545454545,-0.9058465249296196,-0.9058465249296196,0
9TANA,1930,462,287.92099978986454,1.604606820402766,59.4,1.0170397093936274,0.1189396939283888,66.38181818181819,-0.781645872130305,-0.781645872130305,0
9TANA,1931,480,284.6101613981323,1.686517437192072,35.1,1.0501429086258267,0.2938570053705409,71.72727272727273,-0.5555468509352686,-0.5555468509352686,0
9TANA,1932,363,281.33739473741014,1.2902657335645362,18.6,1.0592471587325563,0.341963864776959,79.37272727272727,-0.23216372708318414,-0.23216372708318414,0
9TANA,1933,225,278.1022620162596,0.8090549079634781,9.2,1.10977454097274,0.6089505627594941,85.54545454545455,0.028926809296798493,0.028926809296798493,0
9TANA,1934,189,274.904330477459,0.6875119052207772,14.6,1.0930347826014544,0.5204976761379371,87.2090909090909,0.09929436181157998,0.09929436181157998,0
9TANA,1935,332,271.743172340114,1.2217418275535126,60.2,0.9567920006531678,-0.19940921124874078,87.64545454545454,0.1177514247662769,0.1177514247662769,0
9TANA,1936,207,268.6183647424347,0.7706100072438546,132.8,0.8543068584864091,-0.7409407231981733,89.44545454545455,0.19388680945440193,0.19388680945440193,0
9TANA,1937,171,265.5294896851702,0.6439962664890789,190.6,0.783331689122721,-1.1159735324793962,90.87272727272727,0.254256786202056,0.254256786202056,0
9TANA,1938,204,262.4761339756931,0.777213519987656,182.6,0.762181305756733,-1.2277321624655542,91.64545454545454,0.28694116851766477,0.28694116851766477,0
9TANA,1939,175,259.45788917272824,0.6744832487382864,148.0,0.7498855118965282,-1.2927031397112199,92.27272727272727,0.3134731965150414,0.3134731965150414,0
9TANA,1940,92,256.47435153171614,0.3587103328288291,113.0,0.7760163334139475,-1.1546278735249897,95.97272727272728,0.46997370948507594,0.46997370948507594,0
9TANA,1941,121,253.52512195080482,0.4772702565684177,79.2,0.7641100371866226,-1.2175407451996934,104.52727272727272,0.8318090478261114,0.8318090478261114,0
9TANA,1942,227,250.6098059174625,0.9057905741915051,50.8,0.7547814722712274,-1.2668328841004965,111.97272727272728,1.1467326844906274,1.1467326844906274,0
9TANA,1943,262,247.72801345570508,1.0576115165386688,27.1,0.8517637481674896,-0.7543785186380022,112.19090909090909,1.1559612159679753,1.1559612159679753,0
9TANA,1944,165,244.87935907392904,0.6738011755012252,16.1,0.9199575442103203,-0.394042486547066,112.92727272727274,1.187107509704027,1.187107509704027,0
9TANA,1945,236,242.06346171334584,0.9749509419123888,55.3,0.9449889303084812,-0.26177663733869394,110.28181818181817,1.075211565541176,1.075211565541176,0
9TANA,1946,261,239.27994469700775,1.0907725690529377,154.3,1.004561976570155,0.053007351163997775,108.94545454545455,1.0186868102424178,1.0186868102424178,0
9TANA,1947,158,236.5284356794209,0.6679957931745064,214.7,1.0361039002024475,0.21967488202028138,105.83636363636364,0.8871802366902027,0.8871802366902027,0
9TANA,1948,400,233.80856659673728,1.710801301347963,193.0,0.9743576130484918,-0.10659251179703418,103.04545454545455,0.7691319382091205,0.7691319382091205,0
9TANA,1949,353,231.1199736175196,1.5273452764587956,190.7,0.9436422065881748,-0.26889272574933426,101.18181818181819,0.6903048985067695,0.6903048985067695,0
9TANA,1950,217,228.4622970940722,0.9498284958180542,118.9,1.0194097230827504,0.13146284674134237,104.64545454545454,0.8368078357096754,0.8368078357096754,0
9TANA,1951,229,225.8351815143317,1.0140138417072428,98.3,1.002005185809239,0.03949726826589043,117.86363636363636,1.3959030343790344,1.3959030343790344,0
9TANA,1952,184,223.23827545431115,0.8242314165236336,45.0,0.9459913165688786,-0.25648002813589765,128.3181818181818,1.83810350100198,1.83810350100198,0
9TANA,1953,50,220.6712315310903,0.22658141549799396,20.1,1.0061727126051172,0.06151848069870837,132.5909090909091,2.018828909100054,2.018828909100054,0
9TANA,1954,157,218.13370635634726,0.7197420454751816,6.6,1.0206496450774887,0.13801459481246706,135.5090909090909,2.1422605176095884,2.1422605176095884,0
9TANA,1955,325,215.62536049042382,1.507243856941557,54.2,0.9666742909416179,-0.14719118736465647,132.62727272727273,2.0203669976796115,2.0203669976796115,0
9TANA,1956,167,213.14585839691952,0.783501031903764,200.7,0.9797448813002544,-0.07812618526448008,128.76363636363638,1.8569450861015673,1.8569450861015673,0
9TANA,1957,100,210.69486839780765,0.4746200074089727,269.3,0.9561357784462658,-0.20287668952281285,124.68181818181819,1.6842946430461734,1.6842946430461734,0
9TANA,1958,277,208.27206262906705,1.329991149573131,261.7,0.9510398146682578,-0.22980376315709541,124.2181818181818,1.664684013656807,1.664684013656807,0
9TANA,1959,385,205.87711699682472,1.8700475585440508,225.1,1.0179309255002598,0.12364888001619263,123.75454545454545,1.645073384267442,1.645073384267442,0
9TANA,1960,190,203.5097111340022,0.9336163809642153,159.0,0.9998298711262826,0.02800290504092332,125.15454545454546,1.704289794580428,1.704289794580428,0
9TANA,1961,220,201.16952835746088,1.0936049897630569,76.4,0.9691026915332178,-0.13435951814719874,126.3,1.752739584836507,1.752739584836507,0
9TANA,1962,150,198.85625562563976,0.7543137103133686,53.4,1.0368912822722607,0.2238354090365197,120.13636363636364,1.4920335706014143,1.4920335706014143,0
9TANA,1963,151,196.56958349668076,0.7681758149655425,39.9,1.1186967760783149,0.6560956548629759,109.2909090909091,1.0332986517482194,1.0332986517482194,0
9TANA,1964,187,194.30920608703502,0.9623836346500172,15.0,1.10585350815782,0.5882318245719439,99.08181818181819,0.6014802830372911,0.6014802830372911,0
9TANA,1965,100,192.07482103054556,0.5206304473614324,22.0,1.0516905208067762,0.3020345884478735,92.07272727272726,0.3050137093274719,0.3050137093274719,0
9TANA,1966,222,189.8661294380005,1.1692448814178444,66.8,1.115458509228356,0.6389846521724538,86.2,0.056612403728843845,0.056612403728843845,0
9TANA,1967,287,187.68283585715116,1.5291755300332361,132.9,1.1294598971120582,0.7129679885834465,88.12727272727273,0.13813109844542143,0.13813109844542143,0
9TANA,1968,255,185.52464823318985,1.3744804392755678,150.0,1.2187175318545096,1.1846053486259416,88.19090909090909,0.140822753459648,0.140822753459648,0
9TANA,1969,218,183.39127786968263,1.1887152024476881,149.4,1.2014056188231816,1.093129196664932,89.03636363636365,0.1765833129343737,0.1765833129343737,0
9TANA,1970,231,181.28243938995058,1.2742546976825684,148.0,1.2573759387096106,1.3888763782717335,89.71818181818183,0.20542247380108777,0.20542247380108777,0
9TANA,1971,293,179.19785069889582,1.6350642536015942,94.4,1.3535619505759293,1.8971232844388637,89.39090909090909,0.1915796765850645,0.1915796765850645,0
9TANA,1972,221,177.1372329452661,1.2476202564837802,97.6,1.3494949952904502,1.875633491887348,86.89090909090909,0.08583608674044708,0.08583608674044708,0
9TANA,1973,304,175.1003104843534,1.736147692480333,54.1,1.346351690144429,1.8590242668596502,86.71818181818182,0.07853016598754627,0.07853016598754627,0
9TANA,1974,100,173.08681084112158,0.5777447716209364,49.2,1.2942992262226414,1.583979036962884,93.0909090909091,0.3480801895550984,0.3480801895550984,0
9TANA,1975,270,171.09646467375788,1.5780571534007364,22.5,1.302204886822196,1.6257525491708271,99.4090909090909,0.6153230802533132,0.6153230802533132,0
9TANA,1976,267,169.12900573764355,1.5786765778909384,18.4,1.2837503359515718,1.5282386986357364,104.03636363636365,0.8110448520020783,0.8110448520020783,0
9TANA,1977,188,167.18417084973893,1.1245083732775745,39.3,1.1754378225735218,0.955915356026535,110.2181818181818,1.0725199105269494,1.0725199105269494,0
9TANA,1978,247,165.26169985337805,1.4945991734270012,131.0,1.1074793664088989,0.5968228598996752,109.61818181818181,1.0471414489642414,1.0471414489642414,0
9TANA,1979,131,163.3613355834678,0.8019033361359053,220.1,0.9926900708916713,-0.009723800843669635,110.19999999999999,1.0717508662371706,1.0717508662371706,0
9TANA,1980,206,161.48282383208755,1.275677469042789,218.9,0.9962369123158734,0.009017709959601272,107.60000000000001,0.9617775327987692,0.9617775327987692,0
9TANA,1981,171,159.6259133144844,1.071254638105701,198.9,0.9251873910015362,-0.3664079750438983,106.9,0.9321693276422762,0.9321693276422762,0
9TANA,1982,70,157.7903556354591,0.4436266064430455,162.4,0.8811727323958952,-0.598981440023507,108.30909090909091,0.9917702601001515,0.9917702601001515,0
9TANA,1983,78,155.97590525613893,0.5000772386729267,91.0,0.9055402256483444,-0.4702236007462303,115.91818181818184,1.3136152953726785,1.3136152953726785,0
9TANA,1984,73,154.18231946113224,0.4734654417908309,60.5,0.8477579386964958,-0.7755452166934028,123.2,1.6216175334291818,1.6216175334291818,0
9TANA,1985,94,152.40935832606112,0.61676002728716,20.6,0.8134090408914346,-0.9570447996466538,120.62727272727271,1.5127977664254473,1.5127977664254473,0
9TANA,1986,120,150.65678468546704,0.796512418943026,14.8,0.7236513890612754,-1.4313242500817875,119.20909090909093,1.4528123118226843,1.4528123118226843,0
9TANA,1987,163,148.9243641010858,1.0945153332288868,33.9,0.6767134065044103,-1.6793445594112677,113.21818181818183,1.1994122183404916,1.1994122183404916,0
9TANA,1988,205,147.21186483048712,1.3925507990545145,123.0,0.7162087342570987,-1.4706512395732532,105.37272727272729,0.8675696073008377,0.8675696073008377,0
9TANA,1989,125,145.51905779607492,0.8589940169566684,211.1,0.7468673778045619,-1.30865096086396,101.18181818181819,0.6903048985067695,0.6903048985067695,0
9TANA,1990,61,143.8457165544441,0.4240654602802311,191.8,0.7727953952748997,-1.1716473113035508,97.96363636363638,0.5541840592158807,0.5541840592158807,0
9TANA,1991,41,142.1916172660897,0.2883432989110379,203.3,0.8677874860122015,-0.6697090846237643,97.14545454545454,0.5195770661758231,0.5195770661758231,0
9TANA,1992,78,140.55653866546433,0.5549368299801845,133.0,0.9146167836224017,-0.4222630665744561,98.42727272727274,0.5737946886052457,0.5737946886052457,0
9TANA,1993,122,138.94026203137977,0.8780752117226193,76.1,0.9177173402741129,-0.40587972459934374,103.37272727272726,0.7829747354251425,0.7829747354251425,0
9TANA,1994,115,137.3425711577493,0.8373223176950212,44.9,0.9166582716945392,-0.41147584318813873,104.58181818181819,0.8341161806954495,0.8341161806954495,0
9TANA,1995,103,135.763252324666,0.7586736339645462,25.1,0.9598888817051313,-0.183045291143439,101.2,0.6910739427965484,0.6910739427965484,0
9TANA,1996,223,134.20209426981418,1.6616730253974803,11.6,1.046222962886948,0.27314401129301225,99.25454545454546,0.6087862037901919,0.6087862037901919,0
9TANA,1997,174,132.6588881602089,1.311634692655229,28.9,1.1289222336919396,0.7101269749627308,95.64545454545454,0.45613091226905267,0.45613091226905267,0
9TANA,1998,148,131.1334275642611,1.1286214563977102,88.3,1.1702894831686574,0.9287115295693441,92.58181818181818,0.32654694944128515,0.32654694944128515,0
9TANA,1999,179,129.6255084241634,1.3809010446792025,136.3,1.1454518736989052,0.7974695961046988,91.6,0.2850185577932171,0.2850185577932171,0
9TANA,2000,171,128.13492902859394,1.3345307270731817,173.9,1.1196967148628578,0.6613793316028621,91.68181818181819,0.2884792570972233,0.2884792570972233,0
9TANA,2001,174,126.6614899857336,1.3737403532802144,170.4,1.127533029795304,0.7027864212917698,91.64545454545454,0.28694116851766477,0.28694116851766477,0
9TANA,2002,150,125.20499419659407,1.1980352777659442,163.6,1.0749432956047533,0.4249022551861308,91.73636363636363,0.29078638996656003,0.29078638996656003,0
9TANA,2003,125,123.76524682865202,1.0099765742240827,99.3,1.064659825219483,0.37056439558926024,89.49090909090908,0.19580942017884895,0.19580942017884895,0
9TANA,2004,74,122.34205528978688,0.6048615075553461,65.3,1.0431508934545888,0.2569111957907209,81.89999999999999,-0.1252665708038986,-0.1252665708038986,0
9TANA,2005,67,120.93522920251824,0.5540155704985,45.8,1.0092084344890262,0.07755923574763322,71.77272727272727,-0.5536242402108215,-0.5536242402108215,0
9TANA,2006,101,119.54458037853922,0.8448730982214534,24.7,0.9160881774420114,-0.4144882213338673,63.309090909090905,-0.9116143571029626,-0.9116143571029626,0
9TANA,2007,128,118.16992279354311,1.0831859493014242,12.6,0.8718983657038883,-0.6479871955009576,55.5,-1.2419188795630582,-1.2419188795630582,0
9TANA,2008,140,116.81107256233926,1.1985165184172533,4.2,0.7885483542012033,-1.088408673148981,49.17272727272727,-1.5095462924061627,-1.5095462924061627,0
9TANA,2009,103,115.46784791425497,0.8920232069838745,4.8,0.7718087043975053,-1.1768609860993833,50.445454545454545,-1.4557131921216302,-1.4557131921216302,0
9TANA,2010,115,114.14006916882052,1.0075339960580152,24.9,,,,,,0
9TANA,2011,35,112.82755871173364,0.3102078995560163,80.8,,,,,,0
9TANA,2012,99,111.53014097110037,0.8876524241608628,84.5,,,,,,0
9TANA,2013,31,110.24764239394923,0.28118515123640764,94.0,,,,,,0
9TANA,2014,90,108.97989142301533,0.8258404263834035,113.3,,,,,,0
